Day,Total Steps,First Record Time,Last Record Time,Number of Records,Active Hours,Year,Month,Month Name,Day of Week,Day of Month,Week of Year,Week Start,Weekly Avg Steps
2022-01-01,7217,2022-01-01 00:17:13+03:00,2022-01-01 21:02:08+03:00,31,5,2022,1,January,Saturday,1,52,2021-12-27,7717.0
2022-01-02,8217,2022-01-02 11:25:06+03:00,2022-01-02 22:27:25+03:00,22,7,2022,1,January,Sunday,2,52,2021-12-27,7717.0
2022-01-03,4446,2022-01-03 08:48:49+03:00,2022-01-03 22:42:07+03:00,17,4,2022,1,January,Monday,3,1,2022-01-03,7779.142857142857
2022-01-04,14075,2022-01-04 08:47:01+03:00,2022-01-04 23:56:21+03:00,42,14,2022,1,January,Tuesday,4,1,2022-01-03,7779.142857142857
2022-01-05,9600,2022-01-05 00:50:16+03:00,2022-01-05 22:46:48+03:00,29,5,2022,1,January,Wednesday,5,1,2022-01-03,7779.142857142857
2022-01-06,12268,2022-01-06 10:51:15+03:00,2022-01-06 23:43:55+03:00,27,6,2022,1,January,Thursday,6,1,2022-01-03,7779.142857142857
2022-01-07,7690,2022-01-07 11:38:28+03:00,2022-01-07 23:48:25+03:00,30,9,2022,1,January,Friday,7,1,2022-01-03,7779.142857142857
2022-01-08,4210,2022-01-08 01:46:51+03:00,2022-01-08 22:57:37+03:00,27,9,2022,1,January,Saturday,8,1,2022-01-03,7779.142857142857
2022-01-09,2165,2022-01-09 11:07:57+03:00,2022-01-09 22:28:30+03:00,21,7,2022,1,January,Sunday,9,1,2022-01-03,7779.142857142857
2022-01-10,9331,2022-01-10 00:14:36+03:00,2022-01-10 23:17:08+03:00,35,10,2022,1,January,Monday,10,2,2022-01-10,11346.857142857143
2022-01-11,9237,2022-01-11 08:43:24+03:00,2022-01-11 23:11:16+03:00,34,9,2022,1,January,Tuesday,11,2,2022-01-10,11346.857142857143
2022-01-12,9166,2022-01-12 08:42:28+03:00,2022-01-12 23:52:31+03:00,32,8,2022,1,January,Wednesday,12,2,2022-01-10,11346.857142857143
2022-01-13,12892,2022-01-13 12:29:06+03:00,2022-01-13 23:02:28+03:00,34,9,2022,1,January,Thursday,13,2,2022-01-10,11346.857142857143
2022-01-14,3868,2022-01-14 10:58:30+03:00,2022-01-14 23:55:07+03:00,21,6,2022,1,January,Friday,14,2,2022-01-10,11346.857142857143
2022-01-15,21969,2022-01-15 00:05:23+03:00,2022-01-15 22:29:19+03:00,39,10,2022,1,January,Saturday,15,2,2022-01-10,11346.857142857143
2022-01-16,12965,2022-01-16 01:06:02+03:00,2022-01-16 23:51:29+03:00,29,8,2022,1,January,Sunday,16,2,2022-01-10,11346.857142857143
2022-01-17,11235,2022-01-17 00:02:13+03:00,2022-01-17 23:33:19+03:00,32,9,2022,1,January,Monday,17,3,2022-01-17,8538.714285714286
2022-01-18,5450,2022-01-18 04:02:19+03:00,2022-01-18 23:11:55+03:00,23,6,2022,1,January,Tuesday,18,3,2022-01-17,8538.714285714286
2022-01-19,10095,2022-01-19 00:52:32+03:00,2022-01-19 23:50:24+03:00,32,8,2022,1,January,Wednesday,19,3,2022-01-17,8538.714285714286
2022-01-20,17905,2022-01-20 00:32:55+03:00,2022-01-20 23:48:31+03:00,36,9,2022,1,January,Thursday,20,3,2022-01-17,8538.714285714286
2022-01-21,3763,2022-01-21 00:50:08+03:00,2022-01-21 23:00:02+03:00,24,6,2022,1,January,Friday,21,3,2022-01-17,8538.714285714286
2022-01-22,7108,2022-01-22 00:00:13+03:00,2022-01-22 22:14:25+03:00,22,5,2022,1,January,Saturday,22,3,2022-01-17,8538.714285714286
2022-01-23,4215,2022-01-23 00:56:37+03:00,2022-01-23 22:11:27+03:00,24,7,2022,1,January,Sunday,23,3,2022-01-17,8538.714285714286
2022-01-24,6674,2022-01-24 02:02:47+03:00,2022-01-24 23:44:32+03:00,32,7,2022,1,January,Monday,24,4,2022-01-24,11994.42857142857
2022-01-25,10703,2022-01-25 09:46:55+03:00,2022-01-25 23:33:28+03:00,35,9,2022,1,January,Tuesday,25,4,2022-01-24,11994.42857142857
2022-01-26,6452,2022-01-26 11:55:09+03:00,2022-01-26 23:47:53+03:00,17,4,2022,1,January,Wednesday,26,4,2022-01-24,11994.42857142857
2022-01-27,13608,2022-01-27 00:29:37+03:00,2022-01-27 23:34:48+03:00,43,10,2022,1,January,Thursday,27,4,2022-01-24,11994.42857142857
2022-01-28,18012,2022-01-28 00:31:27+03:00,2022-01-28 23:58:22+03:00,40,8,2022,1,January,Friday,28,4,2022-01-24,11994.42857142857
2022-01-29,13715,2022-01-29 00:09:16+03:00,2022-01-29 23:37:49+03:00,33,10,2022,1,January,Saturday,29,4,2022-01-24,11994.42857142857
2022-01-30,14797,2022-01-30 00:03:59+03:00,2022-01-30 23:45:10+03:00,36,10,2022,1,January,Sunday,30,4,2022-01-24,11994.42857142857
2022-01-31,13014,2022-01-31 00:19:54+03:00,2022-01-31 23:11:38+03:00,48,12,2022,1,January,Monday,31,5,2022-01-31,7731.333333333333
2022-02-01,9389,2022-02-01 00:03:21+03:00,2022-02-01 23:58:03+03:00,28,9,2022,2,February,Tuesday,1,5,2022-01-31,7731.333333333333
2022-02-02,791,2022-02-02 00:08:20+03:00,2022-02-02 01:11:08+03:00,6,2,2022,2,February,Wednesday,2,5,2022-01-31,7731.333333333333
2022-02-09,2921,2022-02-09 20:11:15+03:00,2022-02-09 23:58:54+03:00,8,2,2022,2,February,Wednesday,9,6,2022-02-07,13232.6
2022-02-10,12211,2022-02-10 09:37:11+03:00,2022-02-10 23:04:39+03:00,29,7,2022,2,February,Thursday,10,6,2022-02-07,13232.6
2022-02-11,17898,2022-02-11 09:06:25+03:00,2022-02-11 23:12:06+03:00,54,11,2022,2,February,Friday,11,6,2022-02-07,13232.6
2022-02-12,17362,2022-02-12 00:01:59+03:00,2022-02-12 23:43:07+03:00,37,8,2022,2,February,Saturday,12,6,2022-02-07,13232.6
2022-02-13,15771,2022-02-13 00:08:17+03:00,2022-02-13 22:35:53+03:00,43,10,2022,2,February,Sunday,13,6,2022-02-07,13232.6
2022-02-14,10130,2022-02-14 00:20:09+03:00,2022-02-14 21:55:49+03:00,62,14,2022,2,February,Monday,14,7,2022-02-14,13042.857142857143
2022-02-15,7727,2022-02-15 08:13:01+03:00,2022-02-15 23:49:59+03:00,58,15,2022,2,February,Tuesday,15,7,2022-02-14,13042.857142857143
2022-02-16,7709,2022-02-16 00:04:54+03:00,2022-02-16 23:27:41+03:00,63,14,2022,2,February,Wednesday,16,7,2022-02-14,13042.857142857143
2022-02-17,6812,2022-02-17 00:25:51+03:00,2022-02-17 23:59:50+03:00,54,15,2022,2,February,Thursday,17,7,2022-02-14,13042.857142857143
2022-02-18,20455,2022-02-18 00:17:35+03:00,2022-02-18 23:37:05+03:00,53,13,2022,2,February,Friday,18,7,2022-02-14,13042.857142857143
2022-02-19,25359,2022-02-19 08:53:22+03:00,2022-02-19 22:44:49+03:00,52,13,2022,2,February,Saturday,19,7,2022-02-14,13042.857142857143
2022-02-20,13108,2022-02-20 00:13:34+03:00,2022-02-20 23:22:33+03:00,46,12,2022,2,February,Sunday,20,7,2022-02-14,13042.857142857143
2022-02-21,10504,2022-02-21 08:21:09+03:00,2022-02-21 23:23:46+03:00,28,7,2022,2,February,Monday,21,8,2022-02-21,12504.0
2022-02-22,16321,2022-02-22 07:05:15+03:00,2022-02-22 23:02:59+03:00,38,10,2022,2,February,Tuesday,22,8,2022-02-21,12504.0
2022-02-23,6632,2022-02-23 09:26:24+03:00,2022-02-23 22:46:28+03:00,27,8,2022,2,February,Wednesday,23,8,2022-02-21,12504.0
2022-02-24,20863,2022-02-24 07:12:57+03:00,2022-02-24 23:19:49+03:00,50,13,2022,2,February,Thursday,24,8,2022-02-21,12504.0
2022-02-25,9628,2022-02-25 08:00:53+03:00,2022-02-25 23:04:39+03:00,30,9,2022,2,February,Friday,25,8,2022-02-21,12504.0
2022-02-26,11500,2022-02-26 08:19:38+03:00,2022-02-26 22:59:51+03:00,44,10,2022,2,February,Saturday,26,8,2022-02-21,12504.0
2022-02-27,12080,2022-02-27 08:13:30+03:00,2022-02-27 23:52:51+03:00,58,11,2022,2,February,Sunday,27,8,2022-02-21,12504.0
2022-02-28,12747,2022-02-28 00:03:40+03:00,2022-02-28 23:45:26+03:00,54,12,2022,2,February,Monday,28,9,2022-02-28,8672.857142857143
2022-03-01,8123,2022-03-01 00:18:56+03:00,2022-03-01 23:39:03+03:00,39,10,2022,3,March,Tuesday,1,9,2022-02-28,8672.857142857143
2022-03-02,3956,2022-03-02 00:55:34+03:00,2022-03-02 23:58:45+03:00,32,9,2022,3,March,Wednesday,2,9,2022-02-28,8672.857142857143
2022-03-03,7728,2022-03-03 00:11:06+03:00,2022-03-03 23:55:04+03:00,27,12,2022,3,March,Thursday,3,9,2022-02-28,8672.857142857143
2022-03-04,11162,2022-03-04 00:22:33+03:00,2022-03-04 23:14:40+03:00,42,15,2022,3,March,Friday,4,9,2022-02-28,8672.857142857143
2022-03-05,14275,2022-03-05 00:47:35+03:00,2022-03-05 23:44:08+03:00,45,13,2022,3,March,Saturday,5,9,2022-02-28,8672.857142857143
2022-03-06,2719,2022-03-06 00:09:03+03:00,2022-03-06 23:50:03+03:00,14,4,2022,3,March,Sunday,6,9,2022-02-28,8672.857142857143
2022-03-07,8220,2022-03-07 01:07:09+03:00,2022-03-07 23:54:31+03:00,29,9,2022,3,March,Monday,7,10,2022-03-07,7892.714285714285
2022-03-08,10480,2022-03-08 00:11:23+03:00,2022-03-08 23:49:11+03:00,41,12,2022,3,March,Tuesday,8,10,2022-03-07,7892.714285714285
2022-03-09,5624,2022-03-09 00:07:43+03:00,2022-03-09 23:49:46+03:00,30,8,2022,3,March,Wednesday,9,10,2022-03-07,7892.714285714285
2022-03-10,6361,2022-03-10 00:14:12+03:00,2022-03-10 23:28:34+03:00,35,8,2022,3,March,Thursday,10,10,2022-03-07,7892.714285714285
2022-03-11,13489,2022-03-11 00:02:34+03:00,2022-03-11 23:53:13+03:00,36,11,2022,3,March,Friday,11,10,2022-03-07,7892.714285714285
2022-03-12,6332,2022-03-12 00:05:10+03:00,2022-03-12 23:32:23+03:00,29,11,2022,3,March,Saturday,12,10,2022-03-07,7892.714285714285
2022-03-13,4743,2022-03-13 00:24:32+03:00,2022-03-13 21:20:24+03:00,27,8,2022,3,March,Sunday,13,10,2022-03-07,7892.714285714285
2022-03-14,3003,2022-03-14 00:07:01+03:00,2022-03-14 23:54:14+03:00,27,6,2022,3,March,Monday,14,11,2022-03-14,4881.285714285715
2022-03-15,6101,2022-03-15 00:30:20+03:00,2022-03-15 20:51:17+03:00,21,7,2022,3,March,Tuesday,15,11,2022-03-14,4881.285714285715
2022-03-16,5647,2022-03-16 08:49:07+03:00,2022-03-16 22:51:26+03:00,24,10,2022,3,March,Wednesday,16,11,2022-03-14,4881.285714285715
2022-03-17,6498,2022-03-17 00:06:11+03:00,2022-03-17 23:58:44+03:00,28,11,2022,3,March,Thursday,17,11,2022-03-14,4881.285714285715
2022-03-18,3433,2022-03-18 00:11:30+03:00,2022-03-18 22:04:40+03:00,22,4,2022,3,March,Friday,18,11,2022-03-14,4881.285714285715
2022-03-19,1601,2022-03-19 02:07:12+03:00,2022-03-19 23:39:47+03:00,18,4,2022,3,March,Saturday,19,11,2022-03-14,4881.285714285715
2022-03-20,7886,2022-03-20 00:35:17+03:00,2022-03-20 23:49:04+03:00,23,10,2022,3,March,Sunday,20,11,2022-03-14,4881.285714285715
2022-03-21,4920,2022-03-21 04:28:48+03:00,2022-03-21 23:12:03+03:00,26,5,2022,3,March,Monday,21,12,2022-03-21,10710.142857142857
2022-03-22,7638,2022-03-22 00:03:30+03:00,2022-03-22 23:22:25+03:00,26,10,2022,3,March,Tuesday,22,12,2022-03-21,10710.142857142857
2022-03-23,8319,2022-03-23 00:16:01+03:00,2022-03-23 23:08:12+03:00,36,14,2022,3,March,Wednesday,23,12,2022-03-21,10710.142857142857
2022-03-24,10094,2022-03-24 00:13:23+03:00,2022-03-24 23:45:59+03:00,36,15,2022,3,March,Thursday,24,12,2022-03-21,10710.142857142857
2022-03-25,9920,2022-03-25 00:45:14+03:00,2022-03-25 23:26:11+03:00,34,15,2022,3,March,Friday,25,12,2022-03-21,10710.142857142857
2022-03-26,11635,2022-03-26 02:43:58+03:00,2022-03-26 23:19:46+03:00,42,15,2022,3,March,Saturday,26,12,2022-03-21,10710.142857142857
2022-03-27,22445,2022-03-27 00:14:05+03:00,2022-03-27 23:54:54+03:00,50,14,2022,3,March,Sunday,27,12,2022-03-21,10710.142857142857
2022-03-28,9399,2022-03-28 00:05:35+03:00,2022-03-28 23:39:55+03:00,37,14,2022,3,March,Monday,28,13,2022-03-28,11030.142857142857
2022-03-29,12463,2022-03-29 00:53:15+03:00,2022-03-29 23:36:49+03:00,49,13,2022,3,March,Tuesday,29,13,2022-03-28,11030.142857142857
2022-03-30,12875,2022-03-30 01:36:46+03:00,2022-03-30 23:49:44+03:00,43,12,2022,3,March,Wednesday,30,13,2022-03-28,11030.142857142857
2022-03-31,12421,2022-03-31 00:22:25+03:00,2022-03-31 23:25:52+03:00,47,16,2022,3,March,Thursday,31,13,2022-03-28,11030.142857142857
2022-04-01,12873,2022-04-01 00:06:11+03:00,2022-04-01 23:47:50+03:00,48,18,2022,4,April,Friday,1,13,2022-03-28,11030.142857142857
2022-04-02,9893,2022-04-02 00:01:37+03:00,2022-04-02 23:28:56+03:00,40,14,2022,4,April,Saturday,2,13,2022-03-28,11030.142857142857
2022-04-03,7287,2022-04-03 00:02:30+03:00,2022-04-03 23:45:13+03:00,35,10,2022,4,April,Sunday,3,13,2022-03-28,11030.142857142857
2022-04-04,10096,2022-04-04 00:52:28+03:00,2022-04-04 22:56:14+03:00,32,9,2022,4,April,Monday,4,14,2022-04-04,11934.57142857143
2022-04-05,7734,2022-04-05 00:21:22+03:00,2022-04-05 22:39:19+03:00,42,9,2022,4,April,Tuesday,5,14,2022-04-04,11934.57142857143
2022-04-06,14971,2022-04-06 00:15:58+03:00,2022-04-06 22:17:00+03:00,43,16,2022,4,April,Wednesday,6,14,2022-04-04,11934.57142857143
2022-04-07,12059,2022-04-07 08:41:55+03:00,2022-04-07 23:18:50+03:00,38,13,2022,4,April,Thursday,7,14,2022-04-04,11934.57142857143
2022-04-08,10613,2022-04-08 00:50:54+03:00,2022-04-08 23:58:19+03:00,43,15,2022,4,April,Friday,8,14,2022-04-04,11934.57142857143
2022-04-09,11902,2022-04-09 00:08:19+03:00,2022-04-09 23:53:03+03:00,41,12,2022,4,April,Saturday,9,14,2022-04-04,11934.57142857143
2022-04-10,16167,2022-04-10 00:03:04+03:00,2022-04-10 23:29:32+03:00,43,15,2022,4,April,Sunday,10,14,2022-04-04,11934.57142857143
2022-04-11,10321,2022-04-11 01:17:38+03:00,2022-04-11 23:50:16+03:00,34,14,2022,4,April,Monday,11,15,2022-04-11,9657.42857142857
2022-04-12,7561,2022-04-12 01:18:09+03:00,2022-04-12 23:32:16+03:00,29,10,2022,4,April,Tuesday,12,15,2022-04-11,9657.42857142857
2022-04-13,8192,2022-04-13 00:30:10+03:00,2022-04-13 23:52:15+03:00,33,14,2022,4,April,Wednesday,13,15,2022-04-11,9657.42857142857
2022-04-14,9496,2022-04-14 00:07:38+03:00,2022-04-14 23:39:35+03:00,39,15,2022,4,April,Thursday,14,15,2022-04-11,9657.42857142857
2022-04-15,8598,2022-04-15 01:04:02+03:00,2022-04-15 23:44:44+03:00,34,14,2022,4,April,Friday,15,15,2022-04-11,9657.42857142857
2022-04-16,12653,2022-04-16 00:44:12+03:00,2022-04-16 23:59:11+03:00,35,12,2022,4,April,Saturday,16,15,2022-04-11,9657.42857142857
2022-04-17,10781,2022-04-17 00:26:50+03:00,2022-04-17 23:57:47+03:00,43,12,2022,4,April,Sunday,17,15,2022-04-11,9657.42857142857
2022-04-18,7075,2022-04-18 00:07:55+03:00,2022-04-18 23:02:23+03:00,32,8,2022,4,April,Monday,18,16,2022-04-18,8316.0
2022-04-19,5079,2022-04-19 00:40:47+03:00,2022-04-19 23:50:11+03:00,25,9,2022,4,April,Tuesday,19,16,2022-04-18,8316.0
2022-04-20,8843,2022-04-20 00:00:10+03:00,2022-04-20 22:41:24+03:00,47,14,2022,4,April,Wednesday,20,16,2022-04-18,8316.0
2022-04-21,7121,2022-04-21 08:48:27+03:00,2022-04-21 23:33:04+03:00,33,13,2022,4,April,Thursday,21,16,2022-04-18,8316.0
2022-04-22,7955,2022-04-22 00:36:56+03:00,2022-04-22 23:16:17+03:00,36,13,2022,4,April,Friday,22,16,2022-04-18,8316.0
2022-04-23,13165,2022-04-23 00:42:59+03:00,2022-04-23 23:51:17+03:00,31,12,2022,4,April,Saturday,23,16,2022-04-18,8316.0
2022-04-24,8974,2022-04-24 00:10:26+03:00,2022-04-24 23:58:18+03:00,42,14,2022,4,April,Sunday,24,16,2022-04-18,8316.0
2022-04-25,3030,2022-04-25 00:39:54+03:00,2022-04-25 22:53:47+03:00,21,6,2022,4,April,Monday,25,17,2022-04-25,10526.57142857143
2022-04-26,10055,2022-04-26 00:02:43+03:00,2022-04-26 23:37:08+03:00,47,14,2022,4,April,Tuesday,26,17,2022-04-25,10526.57142857143
2022-04-27,8784,2022-04-27 07:01:30+03:00,2022-04-27 22:37:07+03:00,36,13,2022,4,April,Wednesday,27,17,2022-04-25,10526.57142857143
2022-04-28,12826,2022-04-28 00:24:59+03:00,2022-04-28 23:46:54+03:00,47,12,2022,4,April,Thursday,28,17,2022-04-25,10526.57142857143
2022-04-29,12423,2022-04-29 00:11:17+03:00,2022-04-29 23:14:14+03:00,40,11,2022,4,April,Friday,29,17,2022-04-25,10526.57142857143
2022-04-30,15948,2022-04-30 00:00:24+03:00,2022-04-30 23:45:02+03:00,33,10,2022,4,April,Saturday,30,17,2022-04-25,10526.57142857143
2022-05-01,10620,2022-05-01 05:16:36+03:00,2022-05-01 23:46:26+03:00,51,13,2022,5,May,Sunday,1,17,2022-04-25,10526.57142857143
2022-05-02,11180,2022-05-02 00:01:44+03:00,2022-05-02 23:05:12+03:00,40,12,2022,5,May,Monday,2,18,2022-05-02,9184.714285714286
2022-05-03,5857,2022-05-03 09:21:56+03:00,2022-05-03 22:26:20+03:00,29,8,2022,5,May,Tuesday,3,18,2022-05-02,9184.714285714286
2022-05-04,13976,2022-05-04 08:45:40+03:00,2022-05-04 23:51:00+03:00,41,10,2022,5,May,Wednesday,4,18,2022-05-02,9184.714285714286
2022-05-05,6007,2022-05-05 05:02:03+03:00,2022-05-05 22:31:24+03:00,44,10,2022,5,May,Thursday,5,18,2022-05-02,9184.714285714286
2022-05-06,8063,2022-05-06 11:11:41+03:00,2022-05-06 23:57:57+03:00,37,10,2022,5,May,Friday,6,18,2022-05-02,9184.714285714286
2022-05-07,12600,2022-05-07 00:07:58+03:00,2022-05-07 23:11:24+03:00,35,9,2022,5,May,Saturday,7,18,2022-05-02,9184.714285714286
2022-05-08,6610,2022-05-08 00:22:41+03:00,2022-05-08 23:50:08+03:00,34,11,2022,5,May,Sunday,8,18,2022-05-02,9184.714285714286
2022-05-09,6093,2022-05-09 00:28:32+03:00,2022-05-09 23:41:13+03:00,31,12,2022,5,May,Monday,9,19,2022-05-09,8632.285714285714
2022-05-10,9162,2022-05-10 12:54:25+03:00,2022-05-10 23:36:53+03:00,35,12,2022,5,May,Tuesday,10,19,2022-05-09,8632.285714285714
2022-05-11,7389,2022-05-11 02:24:14+03:00,2022-05-11 23:04:21+03:00,31,11,2022,5,May,Wednesday,11,19,2022-05-09,8632.285714285714
2022-05-12,8234,2022-05-12 01:32:02+03:00,2022-05-12 23:53:25+03:00,34,13,2022,5,May,Thursday,12,19,2022-05-09,8632.285714285714
2022-05-13,15362,2022-05-13 00:03:36+03:00,2022-05-13 23:59:12+03:00,54,20,2022,5,May,Friday,13,19,2022-05-09,8632.285714285714
2022-05-14,5005,2022-05-14 00:10:56+03:00,2022-05-14 23:53:43+03:00,31,9,2022,5,May,Saturday,14,19,2022-05-09,8632.285714285714
2022-05-15,9181,2022-05-15 00:03:42+03:00,2022-05-15 23:28:04+03:00,36,13,2022,5,May,Sunday,15,19,2022-05-09,8632.285714285714
2022-05-16,6346,2022-05-16 01:02:43+03:00,2022-05-16 23:46:37+03:00,33,10,2022,5,May,Monday,16,20,2022-05-16,7456.142857142857
2022-05-17,9270,2022-05-17 01:05:19+03:00,2022-05-17 23:32:23+03:00,28,11,2022,5,May,Tuesday,17,20,2022-05-16,7456.142857142857
2022-05-18,7429,2022-05-18 00:18:46+03:00,2022-05-18 23:51:58+03:00,37,14,2022,5,May,Wednesday,18,20,2022-05-16,7456.142857142857
2022-05-19,8135,2022-05-19 01:00:51+03:00,2022-05-19 23:50:48+03:00,28,10,2022,5,May,Thursday,19,20,2022-05-16,7456.142857142857
2022-05-20,4849,2022-05-20 00:00:50+03:00,2022-05-20 23:51:02+03:00,37,10,2022,5,May,Friday,20,20,2022-05-16,7456.142857142857
2022-05-21,8816,2022-05-21 00:04:40+03:00,2022-05-21 22:47:54+03:00,25,7,2022,5,May,Saturday,21,20,2022-05-16,7456.142857142857
2022-05-22,7348,2022-05-22 00:58:07+03:00,2022-05-22 23:26:39+03:00,26,8,2022,5,May,Sunday,22,20,2022-05-16,7456.142857142857
2022-05-23,8568,2022-05-23 08:31:51+03:00,2022-05-23 23:43:29+03:00,29,9,2022,5,May,Monday,23,21,2022-05-23,10388.285714285714
2022-05-24,7388,2022-05-24 00:04:41+03:00,2022-05-24 21:56:46+03:00,34,10,2022,5,May,Tuesday,24,21,2022-05-23,10388.285714285714
2022-05-25,10752,2022-05-25 06:02:25+03:00,2022-05-25 23:49:20+03:00,47,14,2022,5,May,Wednesday,25,21,2022-05-23,10388.285714285714
2022-05-26,7324,2022-05-26 00:06:16+03:00,2022-05-26 23:30:17+03:00,49,13,2022,5,May,Thursday,26,21,2022-05-23,10388.285714285714
2022-05-27,11242,2022-05-27 00:15:24+03:00,2022-05-27 23:57:18+03:00,49,14,2022,5,May,Friday,27,21,2022-05-23,10388.285714285714
2022-05-28,18105,2022-05-28 00:09:55+03:00,2022-05-28 23:35:55+03:00,63,16,2022,5,May,Saturday,28,21,2022-05-23,10388.285714285714
2022-05-29,9339,2022-05-29 00:47:58+03:00,2022-05-29 23:55:01+03:00,49,12,2022,5,May,Sunday,29,21,2022-05-23,10388.285714285714
2022-05-30,8256,2022-05-30 00:05:01+03:00,2022-05-30 23:29:25+03:00,36,10,2022,5,May,Monday,30,22,2022-05-30,13267.57142857143
2022-05-31,11552,2022-05-31 00:07:44+03:00,2022-05-31 23:57:11+03:00,47,18,2022,5,May,Tuesday,31,22,2022-05-30,13267.57142857143
2022-06-01,10630,2022-06-01 00:07:32+03:00,2022-06-01 23:26:28+03:00,40,14,2022,6,June,Wednesday,1,22,2022-05-30,13267.57142857143
2022-06-02,9030,2022-06-02 00:12:39+03:00,2022-06-02 23:50:01+03:00,36,16,2022,6,June,Thursday,2,22,2022-05-30,13267.57142857143
2022-06-03,19991,2022-06-03 00:00:09+03:00,2022-06-03 23:57:27+03:00,67,17,2022,6,June,Friday,3,22,2022-05-30,13267.57142857143
2022-06-04,17650,2022-06-04 00:07:27+03:00,2022-06-04 23:58:04+03:00,65,14,2022,6,June,Saturday,4,22,2022-05-30,13267.57142857143
2022-06-05,15764,2022-06-05 00:09:32+03:00,2022-06-05 23:40:23+03:00,47,17,2022,6,June,Sunday,5,22,2022-05-30,13267.57142857143
2022-06-06,11442,2022-06-06 00:00:56+03:00,2022-06-06 23:53:28+03:00,48,13,2022,6,June,Monday,6,23,2022-06-06,9579.0
2022-06-07,8814,2022-06-07 08:53:01+03:00,2022-06-07 23:58:32+03:00,40,12,2022,6,June,Tuesday,7,23,2022-06-06,9579.0
2022-06-08,9992,2022-06-08 00:47:13+03:00,2022-06-08 23:57:39+03:00,52,17,2022,6,June,Wednesday,8,23,2022-06-06,9579.0
2022-06-09,14809,2022-06-09 00:11:33+03:00,2022-06-09 23:51:12+03:00,50,14,2022,6,June,Thursday,9,23,2022-06-06,9579.0
2022-06-10,9302,2022-06-10 00:04:15+03:00,2022-06-10 23:53:37+03:00,38,10,2022,6,June,Friday,10,23,2022-06-06,9579.0
2022-06-11,7169,2022-06-11 00:03:38+03:00,2022-06-11 22:54:05+03:00,36,11,2022,6,June,Saturday,11,23,2022-06-06,9579.0
2022-06-12,5525,2022-06-12 00:01:48+03:00,2022-06-12 23:51:29+03:00,28,9,2022,6,June,Sunday,12,23,2022-06-06,9579.0
2022-06-13,8350,2022-06-13 00:05:15+03:00,2022-06-13 23:50:56+03:00,42,12,2022,6,June,Monday,13,24,2022-06-13,8597.57142857143
2022-06-14,6878,2022-06-14 00:13:00+03:00,2022-06-14 23:30:44+03:00,36,11,2022,6,June,Tuesday,14,24,2022-06-13,8597.57142857143
2022-06-15,10038,2022-06-15 00:03:16+03:00,2022-06-15 23:55:41+03:00,50,14,2022,6,June,Wednesday,15,24,2022-06-13,8597.57142857143
2022-06-16,10851,2022-06-16 00:06:18+03:00,2022-06-16 23:53:23+03:00,42,15,2022,6,June,Thursday,16,24,2022-06-13,8597.57142857143
2022-06-17,8181,2022-06-17 00:03:46+03:00,2022-06-17 23:59:06+03:00,52,14,2022,6,June,Friday,17,24,2022-06-13,8597.57142857143
2022-06-18,7790,2022-06-18 00:09:09+03:00,2022-06-18 23:37:01+03:00,58,13,2022,6,June,Saturday,18,24,2022-06-13,8597.57142857143
2022-06-19,8095,2022-06-19 00:13:38+03:00,2022-06-19 23:43:19+03:00,40,12,2022,6,June,Sunday,19,24,2022-06-13,8597.57142857143
2022-06-20,6920,2022-06-20 01:45:30+03:00,2022-06-20 23:58:45+03:00,33,12,2022,6,June,Monday,20,25,2022-06-20,9958.857142857143
2022-06-21,6527,2022-06-21 00:10:33+03:00,2022-06-21 23:50:46+03:00,30,10,2022,6,June,Tuesday,21,25,2022-06-20,9958.857142857143
2022-06-22,13542,2022-06-22 00:00:46+03:00,2022-06-22 22:48:44+03:00,44,14,2022,6,June,Wednesday,22,25,2022-06-20,9958.857142857143
2022-06-23,14468,2022-06-23 00:10:32+03:00,2022-06-23 23:33:02+03:00,48,13,2022,6,June,Thursday,23,25,2022-06-20,9958.857142857143
2022-06-24,9662,2022-06-24 01:03:51+03:00,2022-06-24 23:33:18+03:00,42,11,2022,6,June,Friday,24,25,2022-06-20,9958.857142857143
2022-06-25,5953,2022-06-25 00:01:54+03:00,2022-06-25 23:58:10+03:00,39,14,2022,6,June,Saturday,25,25,2022-06-20,9958.857142857143
2022-06-26,12640,2022-06-26 00:08:54+03:00,2022-06-26 23:59:57+03:00,39,11,2022,6,June,Sunday,26,25,2022-06-20,9958.857142857143
2022-06-27,10755,2022-06-27 00:17:29+03:00,2022-06-27 23:54:29+03:00,44,13,2022,6,June,Monday,27,26,2022-06-27,12619.57142857143
2022-06-28,9230,2022-06-28 01:22:30+03:00,2022-06-28 23:50:57+03:00,38,12,2022,6,June,Tuesday,28,26,2022-06-27,12619.57142857143
2022-06-29,10832,2022-06-29 00:04:40+03:00,2022-06-29 23:35:39+03:00,47,13,2022,6,June,Wednesday,29,26,2022-06-27,12619.57142857143
2022-06-30,13542,2022-06-30 00:00:19+03:00,2022-06-30 23:49:03+03:00,54,13,2022,6,June,Thursday,30,26,2022-06-27,12619.57142857143
2022-07-01,24205,2022-07-01 00:00:44+03:00,2022-07-01 23:48:30+03:00,48,13,2022,7,July,Friday,1,26,2022-06-27,12619.57142857143
2022-07-02,8682,2022-07-02 00:00:34+03:00,2022-07-02 23:51:50+03:00,30,8,2022,7,July,Saturday,2,26,2022-06-27,12619.57142857143
2022-07-03,11091,2022-07-03 00:05:31+03:00,2022-07-03 23:59:24+03:00,32,10,2022,7,July,Sunday,3,26,2022-06-27,12619.57142857143
2022-07-04,14737,2022-07-04 00:09:25+03:00,2022-07-04 23:54:06+03:00,49,12,2022,7,July,Monday,4,27,2022-07-04,10727.714285714286
2022-07-05,7004,2022-07-05 08:56:34+03:00,2022-07-05 23:54:28+03:00,36,10,2022,7,July,Tuesday,5,27,2022-07-04,10727.714285714286
2022-07-06,8075,2022-07-06 00:04:28+03:00,2022-07-06 23:56:01+03:00,31,6,2022,7,July,Wednesday,6,27,2022-07-04,10727.714285714286
2022-07-07,9378,2022-07-07 00:08:53+03:00,2022-07-07 23:53:04+03:00,43,13,2022,7,July,Thursday,7,27,2022-07-04,10727.714285714286
2022-07-08,18191,2022-07-08 00:03:33+03:00,2022-07-08 23:52:51+03:00,48,13,2022,7,July,Friday,8,27,2022-07-04,10727.714285714286
2022-07-09,11358,2022-07-09 00:02:57+03:00,2022-07-09 23:57:58+03:00,57,13,2022,7,July,Saturday,9,27,2022-07-04,10727.714285714286
2022-07-10,6351,2022-07-10 00:13:31+03:00,2022-07-10 23:34:39+03:00,43,11,2022,7,July,Sunday,10,27,2022-07-04,10727.714285714286
2022-07-11,12220,2022-07-11 00:26:01+03:00,2022-07-11 23:54:28+03:00,49,14,2022,7,July,Monday,11,28,2022-07-11,8561.142857142857
2022-07-12,6859,2022-07-12 00:04:29+03:00,2022-07-12 23:54:32+03:00,43,10,2022,7,July,Tuesday,12,28,2022-07-11,8561.142857142857
2022-07-13,10604,2022-07-13 10:31:24+03:00,2022-07-13 23:57:54+03:00,35,11,2022,7,July,Wednesday,13,28,2022-07-11,8561.142857142857
2022-07-14,3897,2022-07-14 11:45:21+03:00,2022-07-14 23:18:27+03:00,26,7,2022,7,July,Thursday,14,28,2022-07-11,8561.142857142857
2022-07-15,9308,2022-07-15 00:24:05+03:00,2022-07-15 23:55:12+03:00,63,15,2022,7,July,Friday,15,28,2022-07-11,8561.142857142857
2022-07-16,9827,2022-07-16 00:05:13+03:00,2022-07-16 23:41:44+03:00,49,14,2022,7,July,Saturday,16,28,2022-07-11,8561.142857142857
2022-07-17,7213,2022-07-17 00:19:36+03:00,2022-07-17 23:51:20+03:00,48,15,2022,7,July,Sunday,17,28,2022-07-11,8561.142857142857
2022-07-18,9656,2022-07-18 00:02:34+03:00,2022-07-18 23:58:34+03:00,43,11,2022,7,July,Monday,18,29,2022-07-18,7208.285714285715
2022-07-19,2822,2022-07-19 10:47:25+03:00,2022-07-19 22:24:54+03:00,26,4,2022,7,July,Tuesday,19,29,2022-07-18,7208.285714285715
2022-07-20,12125,2022-07-20 00:01:55+03:00,2022-07-20 23:59:48+03:00,42,10,2022,7,July,Wednesday,20,29,2022-07-18,7208.285714285715
2022-07-21,8647,2022-07-21 00:09:48+03:00,2022-07-21 23:43:21+03:00,36,11,2022,7,July,Thursday,21,29,2022-07-18,7208.285714285715
2022-07-22,6463,2022-07-22 00:16:49+03:00,2022-07-22 22:14:54+03:00,21,5,2022,7,July,Friday,22,29,2022-07-18,7208.285714285715
2022-07-23,7325,2022-07-23 00:10:42+03:00,2022-07-23 23:13:22+03:00,33,7,2022,7,July,Saturday,23,29,2022-07-18,7208.285714285715
2022-07-24,3420,2022-07-24 00:02:19+03:00,2022-07-24 23:51:21+03:00,28,7,2022,7,July,Sunday,24,29,2022-07-18,7208.285714285715
2022-07-25,7811,2022-07-25 00:16:34+03:00,2022-07-25 23:47:46+03:00,39,8,2022,7,July,Monday,25,30,2022-07-25,7679.285714285715
2022-07-26,8456,2022-07-26 00:08:10+03:00,2022-07-26 23:55:34+03:00,37,12,2022,7,July,Tuesday,26,30,2022-07-25,7679.285714285715
2022-07-27,5796,2022-07-27 00:05:35+03:00,2022-07-27 23:29:31+03:00,34,8,2022,7,July,Wednesday,27,30,2022-07-25,7679.285714285715
2022-07-28,11757,2022-07-28 09:45:42+03:00,2022-07-28 23:53:48+03:00,45,14,2022,7,July,Thursday,28,30,2022-07-25,7679.285714285715
2022-07-29,11230,2022-07-29 00:15:21+03:00,2022-07-29 23:51:44+03:00,39,10,2022,7,July,Friday,29,30,2022-07-25,7679.285714285715
2022-07-30,3320,2022-07-30 00:04:28+03:00,2022-07-30 23:30:59+03:00,20,8,2022,7,July,Saturday,30,30,2022-07-25,7679.285714285715
2022-07-31,5385,2022-07-31 02:03:38+03:00,2022-07-31 23:58:36+03:00,32,7,2022,7,July,Sunday,31,30,2022-07-25,7679.285714285715
2022-08-01,10423,2022-08-01 00:09:22+03:00,2022-08-01 22:15:31+03:00,42,9,2022,8,August,Monday,1,31,2022-08-01,8730.285714285714
2022-08-02,12305,2022-08-02 00:11:32+03:00,2022-08-02 23:58:19+03:00,88,19,2022,8,August,Tuesday,2,31,2022-08-01,8730.285714285714
2022-08-03,5133,2022-08-03 00:08:27+03:00,2022-08-03 23:59:33+03:00,39,9,2022,8,August,Wednesday,3,31,2022-08-01,8730.285714285714
2022-08-04,8464,2022-08-04 00:32:41+03:00,2022-08-04 23:47:51+03:00,36,11,2022,8,August,Thursday,4,31,2022-08-01,8730.285714285714
2022-08-05,5139,2022-08-05 00:10:59+03:00,2022-08-05 23:52:56+03:00,28,8,2022,8,August,Friday,5,31,2022-08-01,8730.285714285714
2022-08-06,11939,2022-08-06 00:04:21+03:00,2022-08-06 23:52:10+03:00,42,14,2022,8,August,Saturday,6,31,2022-08-01,8730.285714285714
2022-08-07,7709,2022-08-07 00:07:47+03:00,2022-08-07 23:59:39+03:00,45,14,2022,8,August,Sunday,7,31,2022-08-01,8730.285714285714
2022-08-08,10567,2022-08-08 10:44:42+03:00,2022-08-08 23:53:36+03:00,37,13,2022,8,August,Monday,8,32,2022-08-08,9395.714285714286
2022-08-09,14570,2022-08-09 00:14:35+03:00,2022-08-09 23:02:57+03:00,48,14,2022,8,August,Tuesday,9,32,2022-08-08,9395.714285714286
2022-08-10,8339,2022-08-10 00:07:36+03:00,2022-08-10 23:51:55+03:00,37,11,2022,8,August,Wednesday,10,32,2022-08-08,9395.714285714286
2022-08-11,9382,2022-08-11 00:01:58+03:00,2022-08-11 23:57:03+03:00,43,13,2022,8,August,Thursday,11,32,2022-08-08,9395.714285714286
2022-08-12,7412,2022-08-12 11:05:13+03:00,2022-08-12 23:51:44+03:00,40,12,2022,8,August,Friday,12,32,2022-08-08,9395.714285714286
2022-08-13,5020,2022-08-13 00:03:04+03:00,2022-08-13 23:17:15+03:00,37,9,2022,8,August,Saturday,13,32,2022-08-08,9395.714285714286
2022-08-14,10480,2022-08-14 01:27:09+03:00,2022-08-14 23:53:17+03:00,41,11,2022,8,August,Sunday,14,32,2022-08-08,9395.714285714286
2022-08-15,13170,2022-08-15 00:03:26+03:00,2022-08-15 23:54:18+03:00,65,14,2022,8,August,Monday,15,33,2022-08-15,8937.0
2022-08-16,13806,2022-08-16 00:06:16+03:00,2022-08-16 23:53:35+03:00,94,19,2022,8,August,Tuesday,16,33,2022-08-15,8937.0
2022-08-17,4464,2022-08-17 00:03:35+03:00,2022-08-17 23:56:35+03:00,33,6,2022,8,August,Wednesday,17,33,2022-08-15,8937.0
2022-08-18,3839,2022-08-18 02:27:25+03:00,2022-08-18 23:56:02+03:00,31,8,2022,8,August,Thursday,18,33,2022-08-15,8937.0
2022-08-19,2217,2022-08-19 00:07:50+03:00,2022-08-19 23:30:33+03:00,24,7,2022,8,August,Friday,19,33,2022-08-15,8937.0
2022-08-20,8495,2022-08-20 00:07:42+03:00,2022-08-20 23:44:46+03:00,38,7,2022,8,August,Saturday,20,33,2022-08-15,8937.0
2022-08-21,16568,2022-08-21 00:26:55+03:00,2022-08-21 23:55:58+03:00,51,12,2022,8,August,Sunday,21,33,2022-08-15,8937.0
2022-08-22,8968,2022-08-22 00:10:09+03:00,2022-08-22 23:54:41+03:00,53,13,2022,8,August,Monday,22,34,2022-08-22,8832.714285714286
2022-08-23,16684,2022-08-23 00:05:43+03:00,2022-08-23 23:59:28+03:00,43,10,2022,8,August,Tuesday,23,34,2022-08-22,8832.714285714286
2022-08-24,3778,2022-08-24 02:33:30+03:00,2022-08-24 23:50:52+03:00,33,8,2022,8,August,Wednesday,24,34,2022-08-22,8832.714285714286
2022-08-25,4654,2022-08-25 00:01:18+03:00,2022-08-25 23:42:03+03:00,35,8,2022,8,August,Thursday,25,34,2022-08-22,8832.714285714286
2022-08-26,6733,2022-08-26 00:08:08+03:00,2022-08-26 23:18:53+03:00,39,13,2022,8,August,Friday,26,34,2022-08-22,8832.714285714286
2022-08-27,13160,2022-08-27 00:10:06+03:00,2022-08-27 23:55:34+03:00,46,12,2022,8,August,Saturday,27,34,2022-08-22,8832.714285714286
2022-08-28,7852,2022-08-28 00:14:28+03:00,2022-08-28 23:57:24+03:00,36,11,2022,8,August,Sunday,28,34,2022-08-22,8832.714285714286
2022-08-29,5565,2022-08-29 00:14:46+03:00,2022-08-29 23:37:11+03:00,40,12,2022,8,August,Monday,29,35,2022-08-29,7478.142857142857
2022-08-30,8582,2022-08-30 00:35:33+03:00,2022-08-30 23:47:37+03:00,46,9,2022,8,August,Tuesday,30,35,2022-08-29,7478.142857142857
2022-08-31,7701,2022-08-31 00:09:05+03:00,2022-08-31 23:56:37+03:00,38,10,2022,8,August,Wednesday,31,35,2022-08-29,7478.142857142857
2022-09-01,5671,2022-09-01 00:17:39+03:00,2022-09-01 23:54:58+03:00,42,9,2022,9,September,Thursday,1,35,2022-08-29,7478.142857142857
2022-09-02,5354,2022-09-02 00:11:36+03:00,2022-09-02 23:55:47+03:00,42,12,2022,9,September,Friday,2,35,2022-08-29,7478.142857142857
2022-09-03,8845,2022-09-03 00:09:51+03:00,2022-09-03 23:52:47+03:00,47,13,2022,9,September,Saturday,3,35,2022-08-29,7478.142857142857
2022-09-04,10629,2022-09-04 00:02:53+03:00,2022-09-04 23:49:36+03:00,48,13,2022,9,September,Sunday,4,35,2022-08-29,7478.142857142857
2022-09-05,18720,2022-09-05 00:00:43+03:00,2022-09-05 23:52:44+03:00,79,19,2022,9,September,Monday,5,36,2022-09-05,12972.285714285714
2022-09-06,6421,2022-09-06 00:04:09+03:00,2022-09-06 23:50:04+03:00,35,10,2022,9,September,Tuesday,6,36,2022-09-05,12972.285714285714
2022-09-07,10080,2022-09-07 00:01:06+03:00,2022-09-07 23:38:19+03:00,36,11,2022,9,September,Wednesday,7,36,2022-09-05,12972.285714285714
2022-09-08,11543,2022-09-08 01:03:38+03:00,2022-09-08 22:59:01+03:00,43,11,2022,9,September,Thursday,8,36,2022-09-05,12972.285714285714
2022-09-09,9854,2022-09-09 00:13:17+03:00,2022-09-09 23:58:44+03:00,51,12,2022,9,September,Friday,9,36,2022-09-05,12972.285714285714
2022-09-10,19416,2022-09-10 00:08:45+03:00,2022-09-10 23:50:51+03:00,73,17,2022,9,September,Saturday,10,36,2022-09-05,12972.285714285714
2022-09-11,14772,2022-09-11 00:01:16+03:00,2022-09-11 23:50:56+03:00,50,15,2022,9,September,Sunday,11,36,2022-09-05,12972.285714285714
2022-09-12,19213,2022-09-12 00:01:58+03:00,2022-09-12 23:35:55+03:00,63,17,2022,9,September,Monday,12,37,2022-09-12,19640.571428571428
2022-09-13,16345,2022-09-13 00:14:05+03:00,2022-09-13 23:52:48+03:00,63,17,2022,9,September,Tuesday,13,37,2022-09-12,19640.571428571428
2022-09-14,11569,2022-09-14 00:11:03+03:00,2022-09-14 21:54:30+03:00,46,14,2022,9,September,Wednesday,14,37,2022-09-12,19640.571428571428
2022-09-15,25369,2022-09-15 00:32:29+03:00,2022-09-15 23:56:56+03:00,75,17,2022,9,September,Thursday,15,37,2022-09-12,19640.571428571428
2022-09-16,20534,2022-09-16 00:12:46+03:00,2022-09-16 23:51:59+03:00,59,13,2022,9,September,Friday,16,37,2022-09-12,19640.571428571428
2022-09-17,23538,2022-09-17 00:05:14+03:00,2022-09-17 23:12:46+03:00,62,15,2022,9,September,Saturday,17,37,2022-09-12,19640.571428571428
2022-09-18,20916,2022-09-18 00:29:59+03:00,2022-09-18 22:11:05+03:00,58,15,2022,9,September,Sunday,18,37,2022-09-12,19640.571428571428
2022-09-19,16026,2022-09-19 00:01:17+03:00,2022-09-19 23:54:26+03:00,60,14,2022,9,September,Monday,19,38,2022-09-19,8918.857142857143
2022-09-20,10134,2022-09-20 00:04:26+03:00,2022-09-20 23:55:44+03:00,42,13,2022,9,September,Tuesday,20,38,2022-09-19,8918.857142857143
2022-09-21,4656,2022-09-21 00:05:45+03:00,2022-09-21 23:43:07+03:00,32,10,2022,9,September,Wednesday,21,38,2022-09-19,8918.857142857143
2022-09-22,4182,2022-09-22 00:00:31+03:00,2022-09-22 23:54:06+03:00,34,11,2022,9,September,Thursday,22,38,2022-09-19,8918.857142857143
2022-09-23,12196,2022-09-23 10:00:29+03:00,2022-09-23 23:30:25+03:00,42,12,2022,9,September,Friday,23,38,2022-09-19,8918.857142857143
2022-09-24,9713,2022-09-24 00:05:00+03:00,2022-09-24 23:35:49+03:00,36,11,2022,9,September,Saturday,24,38,2022-09-19,8918.857142857143
2022-09-25,5525,2022-09-25 12:01:38+03:00,2022-09-25 23:53:59+03:00,24,4,2022,9,September,Sunday,25,38,2022-09-19,8918.857142857143
2022-09-26,6134,2022-09-26 00:04:25+03:00,2022-09-26 23:43:34+03:00,34,10,2022,9,September,Monday,26,39,2022-09-26,12618.714285714286
2022-09-27,9591,2022-09-27 10:10:46+03:00,2022-09-27 23:47:23+03:00,40,11,2022,9,September,Tuesday,27,39,2022-09-26,12618.714285714286
2022-09-28,12269,2022-09-28 00:21:32+03:00,2022-09-28 23:08:47+03:00,58,14,2022,9,September,Wednesday,28,39,2022-09-26,12618.714285714286
2022-09-29,11933,2022-09-29 00:03:57+03:00,2022-09-29 23:45:05+03:00,53,13,2022,9,September,Thursday,29,39,2022-09-26,12618.714285714286
2022-09-30,18442,2022-09-30 00:04:09+03:00,2022-09-30 23:34:42+03:00,48,14,2022,9,September,Friday,30,39,2022-09-26,12618.714285714286
2022-10-01,18738,2022-10-01 00:00:44+03:00,2022-10-01 23:21:15+03:00,52,17,2022,10,October,Saturday,1,39,2022-09-26,12618.714285714286
2022-10-02,11224,2022-10-02 00:06:52+03:00,2022-10-02 23:31:22+03:00,35,11,2022,10,October,Sunday,2,39,2022-09-26,12618.714285714286
2022-10-03,13536,2022-10-03 07:12:27+03:00,2022-10-03 23:17:00+03:00,46,15,2022,10,October,Monday,3,40,2022-10-03,11440.857142857143
2022-10-04,11433,2022-10-04 00:20:01+03:00,2022-10-04 23:55:53+03:00,44,14,2022,10,October,Tuesday,4,40,2022-10-03,11440.857142857143
2022-10-05,11918,2022-10-05 00:15:53+03:00,2022-10-05 23:51:00+03:00,53,17,2022,10,October,Wednesday,5,40,2022-10-03,11440.857142857143
2022-10-06,9906,2022-10-06 00:01:33+03:00,2022-10-06 23:32:33+03:00,47,16,2022,10,October,Thursday,6,40,2022-10-03,11440.857142857143
2022-10-07,12882,2022-10-07 07:51:54+03:00,2022-10-07 22:25:25+03:00,46,14,2022,10,October,Friday,7,40,2022-10-03,11440.857142857143
2022-10-08,11016,2022-10-08 00:27:45+03:00,2022-10-08 23:58:16+03:00,49,12,2022,10,October,Saturday,8,40,2022-10-03,11440.857142857143
2022-10-09,9395,2022-10-09 00:32:35+03:00,2022-10-09 23:50:51+03:00,42,14,2022,10,October,Sunday,9,40,2022-10-03,11440.857142857143
2022-10-10,17318,2022-10-10 00:01:12+03:00,2022-10-10 23:46:07+03:00,50,14,2022,10,October,Monday,10,41,2022-10-10,11819.0
2022-10-11,9683,2022-10-11 00:00:14+03:00,2022-10-11 23:12:40+03:00,41,15,2022,10,October,Tuesday,11,41,2022-10-10,11819.0
2022-10-12,14726,2022-10-12 00:00:18+03:00,2022-10-12 22:39:55+03:00,44,16,2022,10,October,Wednesday,12,41,2022-10-10,11819.0
2022-10-13,8610,2022-10-13 00:31:30+03:00,2022-10-13 23:50:45+03:00,55,14,2022,10,October,Thursday,13,41,2022-10-10,11819.0
2022-10-14,12965,2022-10-14 00:06:34+03:00,2022-10-14 23:58:27+03:00,55,15,2022,10,October,Friday,14,41,2022-10-10,11819.0
2022-10-15,8160,2022-10-15 00:08:32+03:00,2022-10-15 23:48:11+03:00,40,14,2022,10,October,Saturday,15,41,2022-10-10,11819.0
2022-10-16,11271,2022-10-16 00:18:37+03:00,2022-10-16 23:45:34+03:00,40,10,2022,10,October,Sunday,16,41,2022-10-10,11819.0
2022-10-17,14482,2022-10-17 00:01:05+03:00,2022-10-17 23:54:42+03:00,54,17,2022,10,October,Monday,17,42,2022-10-17,9967.42857142857
2022-10-18,10555,2022-10-18 00:05:28+03:00,2022-10-18 23:49:24+03:00,51,17,2022,10,October,Tuesday,18,42,2022-10-17,9967.42857142857
2022-10-19,8990,2022-10-19 00:00:29+03:00,2022-10-19 21:42:09+03:00,36,13,2022,10,October,Wednesday,19,42,2022-10-17,9967.42857142857
2022-10-20,12101,2022-10-20 00:29:32+03:00,2022-10-20 23:11:45+03:00,40,15,2022,10,October,Thursday,20,42,2022-10-17,9967.42857142857
2022-10-21,9096,2022-10-21 00:44:19+03:00,2022-10-21 23:50:57+03:00,41,16,2022,10,October,Friday,21,42,2022-10-17,9967.42857142857
2022-10-22,8080,2022-10-22 00:37:38+03:00,2022-10-22 23:42:59+03:00,45,15,2022,10,October,Saturday,22,42,2022-10-17,9967.42857142857
2022-10-23,6468,2022-10-23 00:50:42+03:00,2022-10-23 23:51:53+03:00,28,11,2022,10,October,Sunday,23,42,2022-10-17,9967.42857142857
2022-10-24,10105,2022-10-24 00:01:53+03:00,2022-10-24 23:45:27+03:00,38,14,2022,10,October,Monday,24,43,2022-10-24,8387.0
2022-10-25,10586,2022-10-25 00:01:16+03:00,2022-10-25 23:58:32+03:00,45,17,2022,10,October,Tuesday,25,43,2022-10-24,8387.0
2022-10-26,9679,2022-10-26 00:09:45+03:00,2022-10-26 23:26:11+03:00,43,16,2022,10,October,Wednesday,26,43,2022-10-24,8387.0
2022-10-27,8583,2022-10-27 00:57:29+03:00,2022-10-27 23:33:37+03:00,41,12,2022,10,October,Thursday,27,43,2022-10-24,8387.0
2022-10-28,2248,2022-10-28 00:09:29+03:00,2022-10-28 23:55:19+03:00,28,6,2022,10,October,Friday,28,43,2022-10-24,8387.0
2022-10-29,6313,2022-10-29 00:33:14+03:00,2022-10-29 23:21:14+03:00,44,12,2022,10,October,Saturday,29,43,2022-10-24,8387.0
2022-10-30,11195,2022-10-30 00:10:57+03:00,2022-10-30 23:22:50+03:00,38,11,2022,10,October,Sunday,30,43,2022-10-24,8387.0
2022-10-31,8731,2022-10-31 08:02:50+03:00,2022-10-31 23:59:51+03:00,35,15,2022,10,October,Monday,31,44,2022-10-31,9982.142857142857
2022-11-01,10331,2022-11-01 00:27:22+03:00,2022-11-01 23:55:57+03:00,44,18,2022,11,November,Tuesday,1,44,2022-10-31,9982.142857142857
2022-11-02,10878,2022-11-02 07:25:14+03:00,2022-11-02 23:46:52+03:00,37,14,2022,11,November,Wednesday,2,44,2022-10-31,9982.142857142857
2022-11-03,9532,2022-11-03 00:25:58+03:00,2022-11-03 23:04:33+03:00,39,14,2022,11,November,Thursday,3,44,2022-10-31,9982.142857142857
2022-11-04,8255,2022-11-04 01:09:09+03:00,2022-11-04 23:58:48+03:00,44,14,2022,11,November,Friday,4,44,2022-10-31,9982.142857142857
2022-11-05,13551,2022-11-05 00:12:45+03:00,2022-11-05 23:58:26+03:00,41,14,2022,11,November,Saturday,5,44,2022-10-31,9982.142857142857
2022-11-06,8597,2022-11-06 00:11:26+03:00,2022-11-06 23:39:36+03:00,33,13,2022,11,November,Sunday,6,44,2022-10-31,9982.142857142857
2022-11-07,11436,2022-11-07 00:23:01+03:00,2022-11-07 23:49:03+03:00,42,13,2022,11,November,Monday,7,45,2022-11-07,10096.57142857143
2022-11-08,10043,2022-11-08 07:01:00+03:00,2022-11-08 23:21:34+03:00,40,16,2022,11,November,Tuesday,8,45,2022-11-07,10096.57142857143
2022-11-09,12813,2022-11-09 00:19:20+03:00,2022-11-09 23:59:04+03:00,43,15,2022,11,November,Wednesday,9,45,2022-11-07,10096.57142857143
2022-11-10,11402,2022-11-10 00:09:04+03:00,2022-11-10 23:54:43+03:00,49,15,2022,11,November,Thursday,10,45,2022-11-07,10096.57142857143
2022-11-11,13815,2022-11-11 00:04:43+03:00,2022-11-11 23:12:32+03:00,44,16,2022,11,November,Friday,11,45,2022-11-07,10096.57142857143
2022-11-12,7577,2022-11-12 00:03:02+03:00,2022-11-12 23:38:46+03:00,37,10,2022,11,November,Saturday,12,45,2022-11-07,10096.57142857143
2022-11-13,3590,2022-11-13 00:19:00+03:00,2022-11-13 23:27:47+03:00,36,11,2022,11,November,Sunday,13,45,2022-11-07,10096.57142857143
2022-11-14,10034,2022-11-14 00:07:06+03:00,2022-11-14 23:16:29+03:00,35,14,2022,11,November,Monday,14,46,2022-11-14,11347.714285714286
2022-11-15,10911,2022-11-15 00:12:56+03:00,2022-11-15 23:49:15+03:00,39,17,2022,11,November,Tuesday,15,46,2022-11-14,11347.714285714286
2022-11-16,14142,2022-11-16 00:23:23+03:00,2022-11-16 23:53:00+03:00,55,17,2022,11,November,Wednesday,16,46,2022-11-14,11347.714285714286
2022-11-17,8652,2022-11-17 00:03:01+03:00,2022-11-17 23:58:39+03:00,35,14,2022,11,November,Thursday,17,46,2022-11-14,11347.714285714286
2022-11-18,11739,2022-11-18 00:12:20+03:00,2022-11-18 23:52:25+03:00,45,16,2022,11,November,Friday,18,46,2022-11-14,11347.714285714286
2022-11-19,17844,2022-11-19 00:13:34+03:00,2022-11-19 23:59:25+03:00,47,14,2022,11,November,Saturday,19,46,2022-11-14,11347.714285714286
2022-11-20,6112,2022-11-20 01:36:43+03:00,2022-11-20 23:45:55+03:00,32,11,2022,11,November,Sunday,20,46,2022-11-14,11347.714285714286
2022-11-21,10645,2022-11-21 00:00:02+03:00,2022-11-21 23:33:32+03:00,37,10,2022,11,November,Monday,21,47,2022-11-21,10316.285714285714
2022-11-22,11615,2022-11-22 00:07:49+03:00,2022-11-22 23:46:07+03:00,40,14,2022,11,November,Tuesday,22,47,2022-11-21,10316.285714285714
2022-11-23,12960,2022-11-23 00:21:53+03:00,2022-11-23 23:59:40+03:00,50,16,2022,11,November,Wednesday,23,47,2022-11-21,10316.285714285714
2022-11-24,8232,2022-11-24 00:10:04+03:00,2022-11-24 23:19:52+03:00,33,14,2022,11,November,Thursday,24,47,2022-11-21,10316.285714285714
2022-11-25,8825,2022-11-25 00:16:28+03:00,2022-11-25 23:43:19+03:00,38,14,2022,11,November,Friday,25,47,2022-11-21,10316.285714285714
2022-11-26,11256,2022-11-26 00:03:29+03:00,2022-11-26 23:27:46+03:00,43,15,2022,11,November,Saturday,26,47,2022-11-21,10316.285714285714
2022-11-27,8681,2022-11-27 11:06:11+03:00,2022-11-27 23:49:15+03:00,42,12,2022,11,November,Sunday,27,47,2022-11-21,10316.285714285714
2022-11-28,11986,2022-11-28 00:07:31+03:00,2022-11-28 23:52:50+03:00,52,13,2022,11,November,Monday,28,48,2022-11-28,10417.857142857143
2022-11-29,9810,2022-11-29 00:13:21+03:00,2022-11-29 23:33:47+03:00,41,16,2022,11,November,Tuesday,29,48,2022-11-28,10417.857142857143
2022-11-30,9157,2022-11-30 00:13:23+03:00,2022-11-30 23:53:53+03:00,33,14,2022,11,November,Wednesday,30,48,2022-11-28,10417.857142857143
2022-12-01,9154,2022-12-01 08:20:31+03:00,2022-12-01 21:38:21+03:00,30,14,2022,12,December,Thursday,1,48,2022-11-28,10417.857142857143
2022-12-02,7527,2022-12-02 00:27:42+03:00,2022-12-02 23:38:54+03:00,34,14,2022,12,December,Friday,2,48,2022-11-28,10417.857142857143
2022-12-03,13827,2022-12-03 00:40:31+03:00,2022-12-03 23:55:14+03:00,67,18,2022,12,December,Saturday,3,48,2022-11-28,10417.857142857143
2022-12-04,11464,2022-12-04 00:05:33+03:00,2022-12-04 23:26:03+03:00,68,16,2022,12,December,Sunday,4,48,2022-11-28,10417.857142857143
2022-12-05,13463,2022-12-05 00:03:20+03:00,2022-12-05 23:32:52+03:00,41,15,2022,12,December,Monday,5,49,2022-12-05,11504.42857142857
2022-12-06,12676,2022-12-06 00:08:05+03:00,2022-12-06 23:59:41+03:00,40,17,2022,12,December,Tuesday,6,49,2022-12-05,11504.42857142857
2022-12-07,10487,2022-12-07 00:19:51+03:00,2022-12-07 21:44:21+03:00,52,15,2022,12,December,Wednesday,7,49,2022-12-05,11504.42857142857
2022-12-08,9875,2022-12-08 00:54:54+03:00,2022-12-08 23:38:25+03:00,43,13,2022,12,December,Thursday,8,49,2022-12-05,11504.42857142857
2022-12-09,13279,2022-12-09 07:58:21+03:00,2022-12-09 23:41:06+03:00,47,16,2022,12,December,Friday,9,49,2022-12-05,11504.42857142857
2022-12-10,10162,2022-12-10 00:08:02+03:00,2022-12-10 23:55:19+03:00,54,15,2022,12,December,Saturday,10,49,2022-12-05,11504.42857142857
2022-12-11,10589,2022-12-11 00:08:30+03:00,2022-12-11 23:56:46+03:00,38,13,2022,12,December,Sunday,11,49,2022-12-05,11504.42857142857
2022-12-12,14984,2022-12-12 01:27:55+03:00,2022-12-12 23:50:00+03:00,51,18,2022,12,December,Monday,12,50,2022-12-12,11983.714285714286
2022-12-13,8498,2022-12-13 00:04:55+03:00,2022-12-13 23:51:30+03:00,42,13,2022,12,December,Tuesday,13,50,2022-12-12,11983.714285714286
2022-12-14,10836,2022-12-14 00:23:16+03:00,2022-12-14 23:51:59+03:00,47,16,2022,12,December,Wednesday,14,50,2022-12-12,11983.714285714286
2022-12-15,15700,2022-12-15 00:10:44+03:00,2022-12-15 23:53:56+03:00,49,15,2022,12,December,Thursday,15,50,2022-12-12,11983.714285714286
2022-12-16,16291,2022-12-16 00:06:13+03:00,2022-12-16 23:49:18+03:00,69,19,2022,12,December,Friday,16,50,2022-12-12,11983.714285714286
2022-12-17,12129,2022-12-17 00:10:54+03:00,2022-12-17 23:51:12+03:00,48,18,2022,12,December,Saturday,17,50,2022-12-12,11983.714285714286
2022-12-18,5448,2022-12-18 00:01:20+03:00,2022-12-18 23:48:44+03:00,36,11,2022,12,December,Sunday,18,50,2022-12-12,11983.714285714286
2022-12-19,5862,2022-12-19 00:40:30+03:00,2022-12-19 23:59:53+03:00,41,10,2022,12,December,Monday,19,51,2022-12-19,10997.57142857143
2022-12-20,11889,2022-12-20 00:10:47+03:00,2022-12-20 22:57:11+03:00,42,16,2022,12,December,Tuesday,20,51,2022-12-19,10997.57142857143
2022-12-21,13372,2022-12-21 07:00:59+03:00,2022-12-21 23:56:46+03:00,52,16,2022,12,December,Wednesday,21,51,2022-12-19,10997.57142857143
2022-12-22,12011,2022-12-22 00:17:38+03:00,2022-12-22 23:53:58+03:00,40,16,2022,12,December,Thursday,22,51,2022-12-19,10997.57142857143
2022-12-23,11082,2022-12-23 00:03:58+03:00,2022-12-23 23:34:36+03:00,46,16,2022,12,December,Friday,23,51,2022-12-19,10997.57142857143
2022-12-24,14207,2022-12-24 00:39:17+03:00,2022-12-24 23:41:53+03:00,48,16,2022,12,December,Saturday,24,51,2022-12-19,10997.57142857143
2022-12-25,8560,2022-12-25 00:19:57+03:00,2022-12-25 23:54:22+03:00,36,16,2022,12,December,Sunday,25,51,2022-12-19,10997.57142857143
2022-12-26,15032,2022-12-26 00:04:22+03:00,2022-12-26 23:30:44+03:00,48,15,2022,12,December,Monday,26,52,2022-12-26,13926.0
2022-12-27,15427,2022-12-27 01:02:05+03:00,2022-12-27 23:20:05+03:00,56,18,2022,12,December,Tuesday,27,52,2022-12-26,13926.0
2022-12-28,9862,2022-12-28 08:02:10+03:00,2022-12-28 23:54:24+03:00,40,14,2022,12,December,Wednesday,28,52,2022-12-26,13926.0
2022-12-29,14862,2022-12-29 00:05:00+03:00,2022-12-29 23:59:04+03:00,49,18,2022,12,December,Thursday,29,52,2022-12-26,13926.0
2022-12-30,24014,2022-12-30 00:10:14+03:00,2022-12-30 23:50:21+03:00,68,18,2022,12,December,Friday,30,52,2022-12-26,13926.0
2022-12-31,8327,2022-12-31 00:04:08+03:00,2022-12-31 23:50:53+03:00,38,13,2022,12,December,Saturday,31,52,2022-12-26,13926.0
2023-01-01,9958,2023-01-01 00:01:35+03:00,2023-01-01 23:12:43+03:00,34,12,2023,1,January,Sunday,1,52,2022-12-26,13926.0
2023-01-02,7617,2023-01-02 00:11:52+03:00,2023-01-02 22:08:10+03:00,34,15,2023,1,January,Monday,2,1,2023-01-02,11365.285714285714
2023-01-03,10791,2023-01-03 00:15:54+03:00,2023-01-03 23:46:26+03:00,42,16,2023,1,January,Tuesday,3,1,2023-01-02,11365.285714285714
2023-01-04,16897,2023-01-04 00:12:05+03:00,2023-01-04 23:54:32+03:00,54,17,2023,1,January,Wednesday,4,1,2023-01-02,11365.285714285714
2023-01-05,16149,2023-01-05 00:11:05+03:00,2023-01-05 23:53:12+03:00,50,18,2023,1,January,Thursday,5,1,2023-01-02,11365.285714285714
2023-01-06,6691,2023-01-06 00:03:12+03:00,2023-01-06 23:55:29+03:00,32,12,2023,1,January,Friday,6,1,2023-01-02,11365.285714285714
2023-01-07,11395,2023-01-07 00:15:50+03:00,2023-01-07 23:32:49+03:00,49,16,2023,1,January,Saturday,7,1,2023-01-02,11365.285714285714
2023-01-08,10017,2023-01-08 00:14:14+03:00,2023-01-08 23:43:46+03:00,33,11,2023,1,January,Sunday,8,1,2023-01-02,11365.285714285714
2023-01-09,6888,2023-01-09 00:51:21+03:00,2023-01-09 23:50:30+03:00,39,16,2023,1,January,Monday,9,2,2023-01-09,11004.57142857143
2023-01-10,10527,2023-01-10 00:27:34+03:00,2023-01-10 23:47:42+03:00,48,15,2023,1,January,Tuesday,10,2,2023-01-09,11004.57142857143
2023-01-11,14356,2023-01-11 00:26:43+03:00,2023-01-11 23:49:34+03:00,57,19,2023,1,January,Wednesday,11,2,2023-01-09,11004.57142857143
2023-01-12,11588,2023-01-12 00:13:00+03:00,2023-01-12 23:34:45+03:00,42,12,2023,1,January,Thursday,12,2,2023-01-09,11004.57142857143
2023-01-13,15171,2023-01-13 00:56:10+03:00,2023-01-13 23:10:25+03:00,48,13,2023,1,January,Friday,13,2,2023-01-09,11004.57142857143
2023-01-14,10151,2023-01-14 00:01:46+03:00,2023-01-14 23:44:53+03:00,50,11,2023,1,January,Saturday,14,2,2023-01-09,11004.57142857143
2023-01-15,8351,2023-01-15 00:00:03+03:00,2023-01-15 23:58:26+03:00,48,15,2023,1,January,Sunday,15,2,2023-01-09,11004.57142857143
2023-01-16,17453,2023-01-16 00:14:36+03:00,2023-01-16 23:35:53+03:00,51,18,2023,1,January,Monday,16,3,2023-01-16,10215.0
2023-01-17,13091,2023-01-17 00:13:59+03:00,2023-01-17 23:50:05+03:00,38,12,2023,1,January,Tuesday,17,3,2023-01-16,10215.0
2023-01-18,12177,2023-01-18 00:00:05+03:00,2023-01-18 22:26:29+03:00,44,13,2023,1,January,Wednesday,18,3,2023-01-16,10215.0
2023-01-19,9235,2023-01-19 00:17:09+03:00,2023-01-19 22:49:50+03:00,39,13,2023,1,January,Thursday,19,3,2023-01-16,10215.0
2023-01-20,7734,2023-01-20 00:09:07+03:00,2023-01-20 23:53:20+03:00,48,14,2023,1,January,Friday,20,3,2023-01-16,10215.0
2023-01-21,6480,2023-01-21 00:30:11+03:00,2023-01-21 23:35:32+03:00,26,6,2023,1,January,Saturday,21,3,2023-01-16,10215.0
2023-01-22,5335,2023-01-22 00:39:53+03:00,2023-01-22 23:49:52+03:00,41,11,2023,1,January,Sunday,22,3,2023-01-16,10215.0
2023-01-23,8337,2023-01-23 00:01:02+03:00,2023-01-23 23:18:32+03:00,34,10,2023,1,January,Monday,23,4,2023-01-23,11014.57142857143
2023-01-24,12008,2023-01-24 00:09:06+03:00,2023-01-24 23:51:20+03:00,31,9,2023,1,January,Tuesday,24,4,2023-01-23,11014.57142857143
2023-01-25,24583,2023-01-25 00:02:57+03:00,2023-01-25 23:49:50+03:00,61,13,2023,1,January,Wednesday,25,4,2023-01-23,11014.57142857143
2023-01-26,12962,2023-01-26 00:15:42+03:00,2023-01-26 23:51:14+03:00,39,9,2023,1,January,Thursday,26,4,2023-01-23,11014.57142857143
2023-01-27,7458,2023-01-27 00:04:34+03:00,2023-01-27 23:47:02+03:00,34,7,2023,1,January,Friday,27,4,2023-01-23,11014.57142857143
2023-01-28,3225,2023-01-28 00:03:32+03:00,2023-01-28 23:32:58+03:00,29,9,2023,1,January,Saturday,28,4,2023-01-23,11014.57142857143
2023-01-29,8529,2023-01-29 00:08:42+03:00,2023-01-29 23:43:03+03:00,41,11,2023,1,January,Sunday,29,4,2023-01-23,11014.57142857143
2023-01-30,7825,2023-01-30 00:00:35+03:00,2023-01-30 23:45:57+03:00,38,9,2023,1,January,Monday,30,5,2023-01-30,8335.857142857143
2023-01-31,13212,2023-01-31 00:05:12+03:00,2023-01-31 23:58:29+03:00,48,10,2023,1,January,Tuesday,31,5,2023-01-30,8335.857142857143
2023-02-01,14129,2023-02-01 00:09:39+03:00,2023-02-01 23:36:36+03:00,40,10,2023,2,February,Wednesday,1,5,2023-01-30,8335.857142857143
2023-02-02,11015,2023-02-02 00:25:10+03:00,2023-02-02 23:14:48+03:00,41,11,2023,2,February,Thursday,2,5,2023-01-30,8335.857142857143
2023-02-03,2005,2023-02-03 01:00:46+03:00,2023-02-03 23:23:28+03:00,33,6,2023,2,February,Friday,3,5,2023-01-30,8335.857142857143
2023-02-04,5221,2023-02-04 00:07:10+03:00,2023-02-04 23:44:42+03:00,29,6,2023,2,February,Saturday,4,5,2023-01-30,8335.857142857143
2023-02-05,4944,2023-02-05 00:45:25+03:00,2023-02-05 22:49:02+03:00,23,5,2023,2,February,Sunday,5,5,2023-01-30,8335.857142857143
2023-02-06,7406,2023-02-06 00:17:15+03:00,2023-02-06 23:48:40+03:00,37,9,2023,2,February,Monday,6,6,2023-02-06,6112.571428571428
2023-02-07,5376,2023-02-07 00:01:04+03:00,2023-02-07 23:53:12+03:00,43,9,2023,2,February,Tuesday,7,6,2023-02-06,6112.571428571428
2023-02-08,4066,2023-02-08 00:14:11+03:00,2023-02-08 22:50:22+03:00,38,7,2023,2,February,Wednesday,8,6,2023-02-06,6112.571428571428
2023-02-09,4222,2023-02-09 00:26:52+03:00,2023-02-09 22:46:20+03:00,30,9,2023,2,February,Thursday,9,6,2023-02-06,6112.571428571428
2023-02-10,5867,2023-02-10 00:37:39+03:00,2023-02-10 23:11:55+03:00,34,11,2023,2,February,Friday,10,6,2023-02-06,6112.571428571428
2023-02-11,8440,2023-02-11 00:39:03+03:00,2023-02-11 23:31:47+03:00,35,11,2023,2,February,Saturday,11,6,2023-02-06,6112.571428571428
2023-02-12,7411,2023-02-12 07:42:27+03:00,2023-02-12 23:47:06+03:00,43,9,2023,2,February,Sunday,12,6,2023-02-06,6112.571428571428
2023-02-13,18439,2023-02-13 00:18:21+03:00,2023-02-13 23:57:45+03:00,52,13,2023,2,February,Monday,13,7,2023-02-13,10693.714285714286
2023-02-14,11520,2023-02-14 00:11:46+03:00,2023-02-14 22:45:29+03:00,32,9,2023,2,February,Tuesday,14,7,2023-02-13,10693.714285714286
2023-02-15,9990,2023-02-15 06:03:46+03:00,2023-02-15 23:26:28+03:00,32,8,2023,2,February,Wednesday,15,7,2023-02-13,10693.714285714286
2023-02-16,11132,2023-02-16 00:25:09+03:00,2023-02-16 22:45:54+03:00,42,10,2023,2,February,Thursday,16,7,2023-02-13,10693.714285714286
2023-02-17,7384,2023-02-17 00:33:10+03:00,2023-02-17 23:46:43+03:00,43,12,2023,2,February,Friday,17,7,2023-02-13,10693.714285714286
2023-02-18,8912,2023-02-18 00:00:00+03:00,2023-02-18 22:47:52+03:00,38,11,2023,2,February,Saturday,18,7,2023-02-13,10693.714285714286
2023-02-19,7479,2023-02-19 00:24:00+03:00,2023-02-19 23:54:55+03:00,41,12,2023,2,February,Sunday,19,7,2023-02-13,10693.714285714286
2023-02-20,10004,2023-02-20 00:32:46+03:00,2023-02-20 23:42:34+03:00,41,11,2023,2,February,Monday,20,8,2023-02-20,9607.57142857143
2023-02-21,11184,2023-02-21 00:27:35+03:00,2023-02-21 23:38:13+03:00,38,12,2023,2,February,Tuesday,21,8,2023-02-20,9607.57142857143
2023-02-22,11149,2023-02-22 02:13:31+03:00,2023-02-22 23:44:58+03:00,38,13,2023,2,February,Wednesday,22,8,2023-02-20,9607.57142857143
2023-02-23,10316,2023-02-23 00:11:06+03:00,2023-02-23 23:31:39+03:00,39,11,2023,2,February,Thursday,23,8,2023-02-20,9607.57142857143
2023-02-24,7310,2023-02-24 00:58:32+03:00,2023-02-24 23:01:34+03:00,30,10,2023,2,February,Friday,24,8,2023-02-20,9607.57142857143
2023-02-25,5649,2023-02-25 09:38:30+03:00,2023-02-25 23:39:18+03:00,39,11,2023,2,February,Saturday,25,8,2023-02-20,9607.57142857143
2023-02-26,11641,2023-02-26 00:03:59+03:00,2023-02-26 23:42:13+03:00,50,13,2023,2,February,Sunday,26,8,2023-02-20,9607.57142857143
2023-02-27,15262,2023-02-27 00:08:18+03:00,2023-02-27 23:58:05+03:00,52,16,2023,2,February,Monday,27,9,2023-02-27,9843.285714285714
2023-02-28,9608,2023-02-28 00:13:46+03:00,2023-02-28 23:37:53+03:00,37,15,2023,2,February,Tuesday,28,9,2023-02-27,9843.285714285714
2023-03-01,7096,2023-03-01 00:04:46+03:00,2023-03-01 23:58:57+03:00,38,15,2023,3,March,Wednesday,1,9,2023-02-27,9843.285714285714
2023-03-02,6637,2023-03-02 08:31:10+03:00,2023-03-02 23:46:42+03:00,29,12,2023,3,March,Thursday,2,9,2023-02-27,9843.285714285714
2023-03-03,15221,2023-03-03 00:11:43+03:00,2023-03-03 23:48:46+03:00,49,15,2023,3,March,Friday,3,9,2023-02-27,9843.285714285714
2023-03-04,4165,2023-03-04 05:46:36+03:00,2023-03-04 23:50:08+03:00,24,11,2023,3,March,Saturday,4,9,2023-02-27,9843.285714285714
2023-03-05,10914,2023-03-05 00:01:18+03:00,2023-03-05 23:08:15+03:00,37,12,2023,3,March,Sunday,5,9,2023-02-27,9843.285714285714
2023-03-06,9071,2023-03-06 00:01:07+03:00,2023-03-06 22:31:58+03:00,36,13,2023,3,March,Monday,6,10,2023-03-06,8551.0
2023-03-07,6032,2023-03-07 00:23:31+03:00,2023-03-07 22:49:13+03:00,33,15,2023,3,March,Tuesday,7,10,2023-03-06,8551.0
2023-03-08,8080,2023-03-08 00:30:58+03:00,2023-03-08 23:42:07+03:00,37,15,2023,3,March,Wednesday,8,10,2023-03-06,8551.0
2023-03-09,6454,2023-03-09 00:42:56+03:00,2023-03-09 23:53:25+03:00,38,12,2023,3,March,Thursday,9,10,2023-03-06,8551.0
2023-03-10,11772,2023-03-10 00:16:43+03:00,2023-03-10 23:58:20+03:00,43,15,2023,3,March,Friday,10,10,2023-03-06,8551.0
2023-03-11,10364,2023-03-11 00:09:56+03:00,2023-03-11 23:51:58+03:00,42,15,2023,3,March,Saturday,11,10,2023-03-06,8551.0
2023-03-12,8084,2023-03-12 00:02:24+03:00,2023-03-12 23:39:21+03:00,36,9,2023,3,March,Sunday,12,10,2023-03-06,8551.0
2023-03-13,9468,2023-03-13 00:03:51+03:00,2023-03-13 23:36:44+03:00,37,15,2023,3,March,Monday,13,11,2023-03-13,8273.285714285714
2023-03-14,10893,2023-03-14 00:10:14+03:00,2023-03-14 23:52:56+03:00,36,15,2023,3,March,Tuesday,14,11,2023-03-13,8273.285714285714
2023-03-15,5448,2023-03-15 00:37:36+03:00,2023-03-15 23:25:44+03:00,32,15,2023,3,March,Wednesday,15,11,2023-03-13,8273.285714285714
2023-03-16,6745,2023-03-16 00:19:38+03:00,2023-03-16 23:24:11+03:00,40,16,2023,3,March,Thursday,16,11,2023-03-13,8273.285714285714
2023-03-17,8026,2023-03-17 00:02:54+03:00,2023-03-17 23:54:08+03:00,36,14,2023,3,March,Friday,17,11,2023-03-13,8273.285714285714
2023-03-18,10945,2023-03-18 00:10:33+03:00,2023-03-18 23:28:32+03:00,40,14,2023,3,March,Saturday,18,11,2023-03-13,8273.285714285714
2023-03-19,6388,2023-03-19 00:02:41+03:00,2023-03-19 23:09:32+03:00,28,14,2023,3,March,Sunday,19,11,2023-03-13,8273.285714285714
2023-03-20,9174,2023-03-20 00:24:24+03:00,2023-03-20 23:38:47+03:00,30,16,2023,3,March,Monday,20,12,2023-03-20,8071.857142857143
2023-03-21,9705,2023-03-21 00:30:13+03:00,2023-03-21 23:48:18+03:00,37,14,2023,3,March,Tuesday,21,12,2023-03-20,8071.857142857143
2023-03-22,1885,2023-03-22 00:06:05+03:00,2023-03-22 23:31:53+03:00,30,8,2023,3,March,Wednesday,22,12,2023-03-20,8071.857142857143
2023-03-23,8518,2023-03-23 00:01:39+03:00,2023-03-23 23:45:16+03:00,39,16,2023,3,March,Thursday,23,12,2023-03-20,8071.857142857143
2023-03-24,8079,2023-03-24 00:11:31+03:00,2023-03-24 22:26:13+03:00,35,11,2023,3,March,Friday,24,12,2023-03-20,8071.857142857143
2023-03-25,12090,2023-03-25 00:09:25+03:00,2023-03-25 23:37:30+03:00,46,14,2023,3,March,Saturday,25,12,2023-03-20,8071.857142857143
2023-03-26,7052,2023-03-26 00:06:18+03:00,2023-03-26 22:58:50+03:00,30,13,2023,3,March,Sunday,26,12,2023-03-20,8071.857142857143
2023-03-27,12305,2023-03-27 00:34:17+03:00,2023-03-27 23:58:58+03:00,44,17,2023,3,March,Monday,27,13,2023-03-27,7642.857142857143
2023-03-28,9230,2023-03-28 00:20:52+03:00,2023-03-28 23:51:07+03:00,40,10,2023,3,March,Tuesday,28,13,2023-03-27,7642.857142857143
2023-03-29,4675,2023-03-29 00:04:15+03:00,2023-03-29 23:16:42+03:00,29,11,2023,3,March,Wednesday,29,13,2023-03-27,7642.857142857143
2023-03-30,6783,2023-03-30 00:04:29+03:00,2023-03-30 23:59:27+03:00,30,9,2023,3,March,Thursday,30,13,2023-03-27,7642.857142857143
2023-03-31,10117,2023-03-31 00:10:33+03:00,2023-03-31 23:29:39+03:00,38,13,2023,3,March,Friday,31,13,2023-03-27,7642.857142857143
2023-04-01,4408,2023-04-01 01:14:36+03:00,2023-04-01 22:30:10+03:00,31,10,2023,4,April,Saturday,1,13,2023-03-27,7642.857142857143
2023-04-02,5982,2023-04-02 00:14:49+03:00,2023-04-02 23:35:52+03:00,30,10,2023,4,April,Sunday,2,13,2023-03-27,7642.857142857143
2023-04-03,6587,2023-04-03 00:25:22+03:00,2023-04-03 23:43:02+03:00,32,14,2023,4,April,Monday,3,14,2023-04-03,7649.428571428572
2023-04-04,7442,2023-04-04 08:07:05+03:00,2023-04-04 23:52:32+03:00,29,13,2023,4,April,Tuesday,4,14,2023-04-03,7649.428571428572
2023-04-05,8869,2023-04-05 07:35:56+03:00,2023-04-05 23:40:59+03:00,35,15,2023,4,April,Wednesday,5,14,2023-04-03,7649.428571428572
2023-04-06,8493,2023-04-06 00:13:54+03:00,2023-04-06 23:51:52+03:00,42,15,2023,4,April,Thursday,6,14,2023-04-03,7649.428571428572
2023-04-07,6657,2023-04-07 00:07:41+03:00,2023-04-07 23:34:35+03:00,33,13,2023,4,April,Friday,7,14,2023-04-03,7649.428571428572
2023-04-08,10889,2023-04-08 01:20:46+03:00,2023-04-08 23:57:58+03:00,34,11,2023,4,April,Saturday,8,14,2023-04-03,7649.428571428572
2023-04-09,4609,2023-04-09 01:43:11+03:00,2023-04-09 22:46:11+03:00,25,10,2023,4,April,Sunday,9,14,2023-04-03,7649.428571428572
2023-04-10,6509,2023-04-10 00:06:06+03:00,2023-04-10 23:59:52+03:00,28,12,2023,4,April,Monday,10,15,2023-04-10,8356.0
2023-04-11,9398,2023-04-11 00:09:52+03:00,2023-04-11 23:57:43+03:00,35,14,2023,4,April,Tuesday,11,15,2023-04-10,8356.0
2023-04-12,7649,2023-04-12 00:15:32+03:00,2023-04-12 23:27:44+03:00,40,14,2023,4,April,Wednesday,12,15,2023-04-10,8356.0
2023-04-13,8367,2023-04-13 00:28:06+03:00,2023-04-13 22:28:15+03:00,36,14,2023,4,April,Thursday,13,15,2023-04-10,8356.0
2023-04-14,7946,2023-04-14 00:04:45+03:00,2023-04-14 23:55:39+03:00,38,14,2023,4,April,Friday,14,15,2023-04-10,8356.0
2023-04-15,7706,2023-04-15 00:10:48+03:00,2023-04-15 23:45:05+03:00,44,15,2023,4,April,Saturday,15,15,2023-04-10,8356.0
2023-04-16,10917,2023-04-16 00:05:19+03:00,2023-04-16 23:11:35+03:00,40,13,2023,4,April,Sunday,16,15,2023-04-10,8356.0
2023-04-17,12551,2023-04-17 00:07:49+03:00,2023-04-17 23:29:52+03:00,46,17,2023,4,April,Monday,17,16,2023-04-17,9005.0
2023-04-18,9300,2023-04-18 00:05:09+03:00,2023-04-18 23:59:58+03:00,38,15,2023,4,April,Tuesday,18,16,2023-04-17,9005.0
2023-04-19,9104,2023-04-19 00:32:32+03:00,2023-04-19 21:39:30+03:00,40,14,2023,4,April,Wednesday,19,16,2023-04-17,9005.0
2023-04-20,5902,2023-04-20 00:10:43+03:00,2023-04-20 23:47:23+03:00,41,14,2023,4,April,Thursday,20,16,2023-04-17,9005.0
2023-04-21,7196,2023-04-21 00:35:26+03:00,2023-04-21 23:07:20+03:00,48,13,2023,4,April,Friday,21,16,2023-04-17,9005.0
2023-04-22,6960,2023-04-22 00:02:33+03:00,2023-04-22 23:49:45+03:00,46,8,2023,4,April,Saturday,22,16,2023-04-17,9005.0
2023-04-23,12022,2023-04-23 00:04:56+03:00,2023-04-23 23:08:59+03:00,40,10,2023,4,April,Sunday,23,16,2023-04-17,9005.0
2023-04-24,4142,2023-04-24 09:12:06+03:00,2023-04-24 23:57:47+03:00,30,10,2023,4,April,Monday,24,17,2023-04-24,7368.857142857143
2023-04-25,7813,2023-04-25 00:12:29+03:00,2023-04-25 23:58:05+03:00,34,15,2023,4,April,Tuesday,25,17,2023-04-24,7368.857142857143
2023-04-26,7081,2023-04-26 00:42:07+03:00,2023-04-26 23:23:26+03:00,28,13,2023,4,April,Wednesday,26,17,2023-04-24,7368.857142857143
2023-04-27,6126,2023-04-27 00:09:00+03:00,2023-04-27 23:47:06+03:00,37,18,2023,4,April,Thursday,27,17,2023-04-24,7368.857142857143
2023-04-28,10900,2023-04-28 00:28:44+03:00,2023-04-28 23:17:25+03:00,47,16,2023,4,April,Friday,28,17,2023-04-24,7368.857142857143
2023-04-29,7306,2023-04-29 00:12:29+03:00,2023-04-29 23:57:59+03:00,40,14,2023,4,April,Saturday,29,17,2023-04-24,7368.857142857143
2023-04-30,8214,2023-04-30 00:22:45+03:00,2023-04-30 23:54:01+03:00,46,13,2023,4,April,Sunday,30,17,2023-04-24,7368.857142857143
2023-05-01,11092,2023-05-01 00:23:26+03:00,2023-05-01 23:39:47+03:00,42,15,2023,5,May,Monday,1,18,2023-05-01,10401.0
2023-05-02,10679,2023-05-02 00:09:07+03:00,2023-05-02 23:51:12+03:00,39,14,2023,5,May,Tuesday,2,18,2023-05-01,10401.0
2023-05-03,9816,2023-05-03 00:12:48+03:00,2023-05-03 23:03:13+03:00,38,14,2023,5,May,Wednesday,3,18,2023-05-01,10401.0
2023-05-04,10903,2023-05-04 00:05:27+03:00,2023-05-04 22:52:52+03:00,38,15,2023,5,May,Thursday,4,18,2023-05-01,10401.0
2023-05-05,7722,2023-05-05 00:00:55+03:00,2023-05-05 23:29:23+03:00,48,16,2023,5,May,Friday,5,18,2023-05-01,10401.0
2023-05-06,13050,2023-05-06 07:50:12+03:00,2023-05-06 23:54:27+03:00,54,17,2023,5,May,Saturday,6,18,2023-05-01,10401.0
2023-05-07,9545,2023-05-07 00:04:32+03:00,2023-05-07 23:54:40+03:00,35,14,2023,5,May,Sunday,7,18,2023-05-01,10401.0
2023-05-08,10727,2023-05-08 00:04:41+03:00,2023-05-08 23:23:44+03:00,39,16,2023,5,May,Monday,8,19,2023-05-08,9158.0
2023-05-09,8635,2023-05-09 00:06:34+03:00,2023-05-09 23:52:42+03:00,45,17,2023,5,May,Tuesday,9,19,2023-05-08,9158.0
2023-05-10,11488,2023-05-10 00:04:58+03:00,2023-05-10 23:44:42+03:00,43,16,2023,5,May,Wednesday,10,19,2023-05-08,9158.0
2023-05-11,11400,2023-05-11 00:43:22+03:00,2023-05-11 23:55:17+03:00,50,16,2023,5,May,Thursday,11,19,2023-05-08,9158.0
2023-05-12,10147,2023-05-12 00:05:17+03:00,2023-05-12 23:52:16+03:00,43,16,2023,5,May,Friday,12,19,2023-05-08,9158.0
2023-05-13,5245,2023-05-13 00:02:55+03:00,2023-05-13 23:58:21+03:00,49,14,2023,5,May,Saturday,13,19,2023-05-08,9158.0
2023-05-14,6464,2023-05-14 08:51:23+03:00,2023-05-14 23:50:50+03:00,35,12,2023,5,May,Sunday,14,19,2023-05-08,9158.0
2023-05-15,7993,2023-05-15 00:11:13+03:00,2023-05-15 23:39:11+03:00,39,15,2023,5,May,Monday,15,20,2023-05-15,8657.285714285714
2023-05-16,9096,2023-05-16 00:10:31+03:00,2023-05-16 23:56:05+03:00,43,15,2023,5,May,Tuesday,16,20,2023-05-15,8657.285714285714
2023-05-17,8531,2023-05-17 00:10:55+03:00,2023-05-17 23:59:32+03:00,48,14,2023,5,May,Wednesday,17,20,2023-05-15,8657.285714285714
2023-05-18,6521,2023-05-18 00:41:28+03:00,2023-05-18 23:52:54+03:00,37,16,2023,5,May,Thursday,18,20,2023-05-15,8657.285714285714
2023-05-19,8725,2023-05-19 00:03:07+03:00,2023-05-19 23:50:32+03:00,39,12,2023,5,May,Friday,19,20,2023-05-15,8657.285714285714
2023-05-20,12680,2023-05-20 00:00:33+03:00,2023-05-20 23:40:07+03:00,45,14,2023,5,May,Saturday,20,20,2023-05-15,8657.285714285714
2023-05-21,7055,2023-05-21 00:05:51+03:00,2023-05-21 23:47:59+03:00,40,15,2023,5,May,Sunday,21,20,2023-05-15,8657.285714285714
2023-05-22,9019,2023-05-22 00:03:20+03:00,2023-05-22 23:24:28+03:00,35,15,2023,5,May,Monday,22,21,2023-05-22,9823.0
2023-05-23,10159,2023-05-23 00:06:44+03:00,2023-05-23 23:39:38+03:00,45,17,2023,5,May,Tuesday,23,21,2023-05-22,9823.0
2023-05-24,10242,2023-05-24 00:49:56+03:00,2023-05-24 23:58:11+03:00,40,15,2023,5,May,Wednesday,24,21,2023-05-22,9823.0
2023-05-25,9981,2023-05-25 00:08:11+03:00,2023-05-25 23:39:02+03:00,45,17,2023,5,May,Thursday,25,21,2023-05-22,9823.0
2023-05-26,11379,2023-05-26 00:01:40+03:00,2023-05-26 23:58:19+03:00,51,17,2023,5,May,Friday,26,21,2023-05-22,9823.0
2023-05-27,11055,2023-05-27 00:24:29+03:00,2023-05-27 23:42:26+03:00,44,16,2023,5,May,Saturday,27,21,2023-05-22,9823.0
2023-05-28,6926,2023-05-28 00:24:27+03:00,2023-05-28 23:04:50+03:00,33,14,2023,5,May,Sunday,28,21,2023-05-22,9823.0
2023-05-29,7315,2023-05-29 00:01:37+03:00,2023-05-29 23:06:16+03:00,32,16,2023,5,May,Monday,29,22,2023-05-29,9351.0
2023-05-30,10340,2023-05-30 00:00:50+03:00,2023-05-30 23:53:09+03:00,43,17,2023,5,May,Tuesday,30,22,2023-05-29,9351.0
2023-05-31,10763,2023-05-31 00:03:09+03:00,2023-05-31 23:33:58+03:00,43,18,2023,5,May,Wednesday,31,22,2023-05-29,9351.0
2023-06-01,9783,2023-06-01 00:00:23+03:00,2023-06-01 23:46:53+03:00,41,15,2023,6,June,Thursday,1,22,2023-05-29,9351.0
2023-06-02,8791,2023-06-02 00:11:40+03:00,2023-06-02 23:31:17+03:00,37,13,2023,6,June,Friday,2,22,2023-05-29,9351.0
2023-06-03,8588,2023-06-03 00:22:09+03:00,2023-06-03 23:30:43+03:00,41,14,2023,6,June,Saturday,3,22,2023-05-29,9351.0
2023-06-04,9877,2023-06-04 00:24:02+03:00,2023-06-04 23:57:56+03:00,49,17,2023,6,June,Sunday,4,22,2023-05-29,9351.0
2023-06-05,12021,2023-06-05 08:14:15+03:00,2023-06-05 22:59:03+03:00,40,15,2023,6,June,Monday,5,23,2023-06-05,10804.285714285714
2023-06-06,8122,2023-06-06 00:06:20+03:00,2023-06-06 23:29:20+03:00,42,14,2023,6,June,Tuesday,6,23,2023-06-05,10804.285714285714
2023-06-07,10746,2023-06-07 00:03:40+03:00,2023-06-07 23:58:36+03:00,47,15,2023,6,June,Wednesday,7,23,2023-06-05,10804.285714285714
2023-06-08,14828,2023-06-08 00:08:57+03:00,2023-06-08 23:22:24+03:00,52,16,2023,6,June,Thursday,8,23,2023-06-05,10804.285714285714
2023-06-09,11052,2023-06-09 01:12:06+03:00,2023-06-09 23:51:24+03:00,52,12,2023,6,June,Friday,9,23,2023-06-05,10804.285714285714
2023-06-10,9405,2023-06-10 00:03:05+03:00,2023-06-10 23:52:21+03:00,46,14,2023,6,June,Saturday,10,23,2023-06-05,10804.285714285714
2023-06-11,9456,2023-06-11 00:46:45+03:00,2023-06-11 23:38:06+03:00,45,12,2023,6,June,Sunday,11,23,2023-06-05,10804.285714285714
2023-06-12,8574,2023-06-12 00:30:26+03:00,2023-06-12 23:28:09+03:00,45,12,2023,6,June,Monday,12,24,2023-06-12,14100.142857142857
2023-06-13,8969,2023-06-13 00:30:36+03:00,2023-06-13 23:51:55+03:00,28,7,2023,6,June,Tuesday,13,24,2023-06-12,14100.142857142857
2023-06-14,9841,2023-06-14 00:14:56+03:00,2023-06-14 23:53:10+03:00,53,12,2023,6,June,Wednesday,14,24,2023-06-12,14100.142857142857
2023-06-15,7342,2023-06-15 00:19:25+03:00,2023-06-15 23:52:21+03:00,43,12,2023,6,June,Thursday,15,24,2023-06-12,14100.142857142857
2023-06-16,22156,2023-06-16 00:40:36+03:00,2023-06-16 22:40:42+03:00,58,15,2023,6,June,Friday,16,24,2023-06-12,14100.142857142857
2023-06-17,21643,2023-06-17 00:02:45+03:00,2023-06-17 23:48:58+03:00,54,14,2023,6,June,Saturday,17,24,2023-06-12,14100.142857142857
2023-06-18,20176,2023-06-18 09:20:10+03:00,2023-06-18 23:40:20+03:00,53,12,2023,6,June,Sunday,18,24,2023-06-12,14100.142857142857
2023-06-19,15881,2023-06-19 00:08:56+03:00,2023-06-19 23:57:30+03:00,54,14,2023,6,June,Monday,19,25,2023-06-19,12270.714285714286
2023-06-20,6806,2023-06-20 00:08:12+03:00,2023-06-20 23:55:10+03:00,40,10,2023,6,June,Tuesday,20,25,2023-06-19,12270.714285714286
2023-06-21,15402,2023-06-21 00:40:04+03:00,2023-06-21 23:55:48+03:00,37,11,2023,6,June,Wednesday,21,25,2023-06-19,12270.714285714286
2023-06-22,12234,2023-06-22 00:05:49+03:00,2023-06-22 23:39:46+03:00,41,10,2023,6,June,Thursday,22,25,2023-06-19,12270.714285714286
2023-06-23,20231,2023-06-23 00:57:19+03:00,2023-06-23 23:52:01+03:00,47,14,2023,6,June,Friday,23,25,2023-06-19,12270.714285714286
2023-06-24,8490,2023-06-24 00:05:01+03:00,2023-06-24 23:59:14+03:00,46,13,2023,6,June,Saturday,24,25,2023-06-19,12270.714285714286
2023-06-25,6851,2023-06-25 00:09:15+03:00,2023-06-25 23:51:05+03:00,37,11,2023,6,June,Sunday,25,25,2023-06-19,12270.714285714286
2023-06-26,9111,2023-06-26 00:27:38+03:00,2023-06-26 23:57:45+03:00,50,12,2023,6,June,Monday,26,26,2023-06-26,9579.857142857143
2023-06-27,13414,2023-06-27 00:10:58+03:00,2023-06-27 23:49:01+03:00,47,14,2023,6,June,Tuesday,27,26,2023-06-26,9579.857142857143
2023-06-28,8429,2023-06-28 00:00:47+03:00,2023-06-28 23:58:24+03:00,50,13,2023,6,June,Wednesday,28,26,2023-06-26,9579.857142857143
2023-06-29,5725,2023-06-29 00:11:21+03:00,2023-06-29 23:50:03+03:00,33,11,2023,6,June,Thursday,29,26,2023-06-26,9579.857142857143
2023-06-30,8098,2023-06-30 00:08:39+03:00,2023-06-30 23:56:57+03:00,47,11,2023,6,June,Friday,30,26,2023-06-26,9579.857142857143
2023-07-01,8661,2023-07-01 00:07:23+03:00,2023-07-01 23:42:38+03:00,48,14,2023,7,July,Saturday,1,26,2023-06-26,9579.857142857143
2023-07-02,13621,2023-07-02 00:26:38+03:00,2023-07-02 23:22:10+03:00,43,11,2023,7,July,Sunday,2,26,2023-06-26,9579.857142857143
2023-07-03,5297,2023-07-03 00:14:53+03:00,2023-07-03 23:57:54+03:00,37,9,2023,7,July,Monday,3,27,2023-07-03,8717.285714285714
2023-07-04,5777,2023-07-04 00:30:38+03:00,2023-07-04 23:46:35+03:00,44,13,2023,7,July,Tuesday,4,27,2023-07-03,8717.285714285714
2023-07-05,15959,2023-07-05 00:09:48+03:00,2023-07-05 23:48:06+03:00,46,13,2023,7,July,Wednesday,5,27,2023-07-03,8717.285714285714
2023-07-06,9911,2023-07-06 00:02:33+03:00,2023-07-06 23:56:05+03:00,58,15,2023,7,July,Thursday,6,27,2023-07-03,8717.285714285714
2023-07-07,10423,2023-07-07 00:06:06+03:00,2023-07-07 23:59:48+03:00,49,12,2023,7,July,Friday,7,27,2023-07-03,8717.285714285714
2023-07-08,7103,2023-07-08 00:10:09+03:00,2023-07-08 23:57:53+03:00,52,14,2023,7,July,Saturday,8,27,2023-07-03,8717.285714285714
2023-07-09,6551,2023-07-09 00:45:37+03:00,2023-07-09 23:48:03+03:00,36,12,2023,7,July,Sunday,9,27,2023-07-03,8717.285714285714
2023-07-10,9197,2023-07-10 00:05:47+03:00,2023-07-10 23:47:12+03:00,49,15,2023,7,July,Monday,10,28,2023-07-10,6501.0
2023-07-11,10172,2023-07-11 00:23:02+03:00,2023-07-11 23:33:48+03:00,50,13,2023,7,July,Tuesday,11,28,2023-07-10,6501.0
2023-07-12,6166,2023-07-12 00:13:11+03:00,2023-07-12 23:55:20+03:00,38,11,2023,7,July,Wednesday,12,28,2023-07-10,6501.0
2023-07-13,4177,2023-07-13 00:20:50+03:00,2023-07-13 23:49:52+03:00,33,11,2023,7,July,Thursday,13,28,2023-07-10,6501.0
2023-07-14,6895,2023-07-14 01:36:48+03:00,2023-07-14 23:12:35+03:00,29,8,2023,7,July,Friday,14,28,2023-07-10,6501.0
2023-07-15,3830,2023-07-15 00:47:24+03:00,2023-07-15 23:55:44+03:00,19,7,2023,7,July,Saturday,15,28,2023-07-10,6501.0
2023-07-16,5070,2023-07-16 00:06:16+03:00,2023-07-16 23:39:55+03:00,28,7,2023,7,July,Sunday,16,28,2023-07-10,6501.0
2023-07-17,8771,2023-07-17 00:16:51+03:00,2023-07-17 23:46:04+03:00,38,11,2023,7,July,Monday,17,29,2023-07-17,6990.142857142857
2023-07-18,2985,2023-07-18 02:07:26+03:00,2023-07-18 21:56:46+03:00,23,3,2023,7,July,Tuesday,18,29,2023-07-17,6990.142857142857
2023-07-19,3080,2023-07-19 00:31:15+03:00,2023-07-19 23:41:55+03:00,30,8,2023,7,July,Wednesday,19,29,2023-07-17,6990.142857142857
2023-07-20,9744,2023-07-20 00:10:55+03:00,2023-07-20 23:49:39+03:00,50,14,2023,7,July,Thursday,20,29,2023-07-17,6990.142857142857
2023-07-21,14581,2023-07-21 00:20:24+03:00,2023-07-21 23:50:34+03:00,54,15,2023,7,July,Friday,21,29,2023-07-17,6990.142857142857
2023-07-22,5920,2023-07-22 00:03:16+03:00,2023-07-22 23:59:42+03:00,42,9,2023,7,July,Saturday,22,29,2023-07-17,6990.142857142857
2023-07-23,3850,2023-07-23 00:10:49+03:00,2023-07-23 23:37:30+03:00,38,11,2023,7,July,Sunday,23,29,2023-07-17,6990.142857142857
2023-07-24,6304,2023-07-24 00:00:51+03:00,2023-07-24 23:31:07+03:00,50,15,2023,7,July,Monday,24,30,2023-07-24,7019.285714285715
2023-07-25,6546,2023-07-25 00:07:02+03:00,2023-07-25 23:45:43+03:00,42,13,2023,7,July,Tuesday,25,30,2023-07-24,7019.285714285715
2023-07-26,8035,2023-07-26 00:17:22+03:00,2023-07-26 23:58:44+03:00,40,12,2023,7,July,Wednesday,26,30,2023-07-24,7019.285714285715
2023-07-27,13173,2023-07-27 00:08:44+03:00,2023-07-27 23:00:14+03:00,41,15,2023,7,July,Thursday,27,30,2023-07-24,7019.285714285715
2023-07-28,4542,2023-07-28 07:44:57+03:00,2023-07-28 23:50:25+03:00,38,12,2023,7,July,Friday,28,30,2023-07-24,7019.285714285715
2023-07-29,6296,2023-07-29 00:01:55+03:00,2023-07-29 23:45:14+03:00,44,11,2023,7,July,Saturday,29,30,2023-07-24,7019.285714285715
2023-07-30,4239,2023-07-30 01:02:29+03:00,2023-07-30 23:06:51+03:00,38,8,2023,7,July,Sunday,30,30,2023-07-24,7019.285714285715
2023-07-31,3888,2023-07-31 00:14:20+03:00,2023-07-31 23:50:07+03:00,43,11,2023,7,July,Monday,31,31,2023-07-31,7871.0
2023-08-01,4211,2023-08-01 00:41:10+03:00,2023-08-01 23:56:29+03:00,43,13,2023,8,August,Tuesday,1,31,2023-07-31,7871.0
2023-08-02,5430,2023-08-02 00:32:38+03:00,2023-08-02 23:35:11+03:00,43,13,2023,8,August,Wednesday,2,31,2023-07-31,7871.0
2023-08-03,9704,2023-08-03 00:14:18+03:00,2023-08-03 23:50:30+03:00,46,15,2023,8,August,Thursday,3,31,2023-07-31,7871.0
2023-08-04,15515,2023-08-04 00:00:31+03:00,2023-08-04 23:54:02+03:00,58,18,2023,8,August,Friday,4,31,2023-07-31,7871.0
2023-08-05,10313,2023-08-05 00:05:12+03:00,2023-08-05 23:57:39+03:00,41,13,2023,8,August,Saturday,5,31,2023-07-31,7871.0
2023-08-06,6036,2023-08-06 00:08:31+03:00,2023-08-06 23:37:06+03:00,42,11,2023,8,August,Sunday,6,31,2023-07-31,7871.0
2023-08-07,7799,2023-08-07 01:29:42+03:00,2023-08-07 23:41:35+03:00,30,8,2023,8,August,Monday,7,32,2023-08-07,5133.571428571428
2023-08-08,6811,2023-08-08 01:44:43+03:00,2023-08-08 23:22:17+03:00,32,10,2023,8,August,Tuesday,8,32,2023-08-07,5133.571428571428
2023-08-09,2379,2023-08-09 00:03:53+03:00,2023-08-09 20:59:14+03:00,23,5,2023,8,August,Wednesday,9,32,2023-08-07,5133.571428571428
2023-08-10,5677,2023-08-10 00:25:48+03:00,2023-08-10 23:59:36+03:00,42,9,2023,8,August,Thursday,10,32,2023-08-07,5133.571428571428
2023-08-11,3726,2023-08-11 00:22:01+03:00,2023-08-11 23:04:25+03:00,30,11,2023,8,August,Friday,11,32,2023-08-07,5133.571428571428
2023-08-12,6053,2023-08-12 00:27:26+03:00,2023-08-12 23:21:40+03:00,47,14,2023,8,August,Saturday,12,32,2023-08-07,5133.571428571428
2023-08-13,3490,2023-08-13 01:08:57+03:00,2023-08-13 23:46:43+03:00,37,10,2023,8,August,Sunday,13,32,2023-08-07,5133.571428571428
2023-08-14,5909,2023-08-14 00:17:00+03:00,2023-08-14 23:27:49+03:00,52,11,2023,8,August,Monday,14,33,2023-08-14,5679.571428571428
2023-08-15,6209,2023-08-15 00:49:15+03:00,2023-08-15 23:41:53+03:00,37,10,2023,8,August,Tuesday,15,33,2023-08-14,5679.571428571428
2023-08-16,4583,2023-08-16 00:21:19+03:00,2023-08-16 23:59:48+03:00,39,10,2023,8,August,Wednesday,16,33,2023-08-14,5679.571428571428
2023-08-17,6412,2023-08-17 10:58:06+03:00,2023-08-17 23:25:27+03:00,30,9,2023,8,August,Thursday,17,33,2023-08-14,5679.571428571428
2023-08-18,6277,2023-08-18 00:42:11+03:00,2023-08-18 23:47:01+03:00,43,11,2023,8,August,Friday,18,33,2023-08-14,5679.571428571428
2023-08-19,6805,2023-08-19 00:21:40+03:00,2023-08-19 23:55:58+03:00,39,13,2023,8,August,Saturday,19,33,2023-08-14,5679.571428571428
2023-08-20,3562,2023-08-20 00:08:25+03:00,2023-08-20 23:48:30+03:00,28,8,2023,8,August,Sunday,20,33,2023-08-14,5679.571428571428
2023-08-21,3532,2023-08-21 00:03:31+03:00,2023-08-21 23:59:22+03:00,41,11,2023,8,August,Monday,21,34,2023-08-21,7842.285714285715
2023-08-22,9484,2023-08-22 00:10:50+03:00,2023-08-22 23:35:51+03:00,41,11,2023,8,August,Tuesday,22,34,2023-08-21,7842.285714285715
2023-08-23,4504,2023-08-23 09:58:29+03:00,2023-08-23 23:55:19+03:00,38,11,2023,8,August,Wednesday,23,34,2023-08-21,7842.285714285715
2023-08-24,9852,2023-08-24 09:57:39+03:00,2023-08-24 22:58:39+03:00,44,13,2023,8,August,Thursday,24,34,2023-08-21,7842.285714285715
2023-08-25,11894,2023-08-25 00:13:53+03:00,2023-08-25 23:52:50+03:00,52,12,2023,8,August,Friday,25,34,2023-08-21,7842.285714285715
2023-08-26,9049,2023-08-26 00:03:00+03:00,2023-08-26 23:54:08+03:00,47,13,2023,8,August,Saturday,26,34,2023-08-21,7842.285714285715
2023-08-27,6581,2023-08-27 00:05:23+03:00,2023-08-27 23:46:07+03:00,46,13,2023,8,August,Sunday,27,34,2023-08-21,7842.285714285715
2023-08-28,4990,2023-08-28 00:04:46+03:00,2023-08-28 23:46:01+03:00,36,12,2023,8,August,Monday,28,35,2023-08-28,7712.142857142857
2023-08-29,11382,2023-08-29 00:53:59+03:00,2023-08-29 23:24:46+03:00,46,13,2023,8,August,Tuesday,29,35,2023-08-28,7712.142857142857
2023-08-30,7432,2023-08-30 00:24:27+03:00,2023-08-30 23:50:55+03:00,48,15,2023,8,August,Wednesday,30,35,2023-08-28,7712.142857142857
2023-08-31,10364,2023-08-31 00:38:21+03:00,2023-08-31 23:23:26+03:00,48,12,2023,8,August,Thursday,31,35,2023-08-28,7712.142857142857
2023-09-01,4967,2023-09-01 00:13:06+03:00,2023-09-01 22:41:54+03:00,44,12,2023,9,September,Friday,1,35,2023-08-28,7712.142857142857
2023-09-02,6975,2023-09-02 01:23:37+03:00,2023-09-02 23:58:27+03:00,39,10,2023,9,September,Saturday,2,35,2023-08-28,7712.142857142857
2023-09-03,7875,2023-09-03 08:23:27+03:00,2023-09-03 23:41:19+03:00,36,12,2023,9,September,Sunday,3,35,2023-08-28,7712.142857142857
2023-09-04,5900,2023-09-04 00:17:55+03:00,2023-09-04 23:18:49+03:00,32,14,2023,9,September,Monday,4,36,2023-09-04,12590.42857142857
2023-09-05,10719,2023-09-05 00:12:15+03:00,2023-09-05 23:52:05+03:00,40,14,2023,9,September,Tuesday,5,36,2023-09-04,12590.42857142857
2023-09-06,7888,2023-09-06 09:47:28+03:00,2023-09-06 23:36:00+03:00,33,13,2023,9,September,Wednesday,6,36,2023-09-04,12590.42857142857
2023-09-07,12508,2023-09-07 00:28:12+03:00,2023-09-07 23:04:31+03:00,35,14,2023,9,September,Thursday,7,36,2023-09-04,12590.42857142857
2023-09-08,14876,2023-09-08 00:08:29+03:00,2023-09-08 23:51:58+03:00,61,16,2023,9,September,Friday,8,36,2023-09-04,12590.42857142857
2023-09-09,6565,2023-09-09 00:03:02+03:00,2023-09-09 23:45:45+03:00,39,10,2023,9,September,Saturday,9,36,2023-09-04,12590.42857142857
2023-09-10,29677,2023-09-10 02:09:23+03:00,2023-09-10 23:44:43+03:00,73,16,2023,9,September,Sunday,10,36,2023-09-04,12590.42857142857
2023-09-11,15859,2023-09-11 00:43:25+03:00,2023-09-11 23:53:07+03:00,54,17,2023,9,September,Monday,11,37,2023-09-11,21778.571428571428
2023-09-12,16307,2023-09-12 00:17:24+03:00,2023-09-12 23:57:09+03:00,57,15,2023,9,September,Tuesday,12,37,2023-09-11,21778.571428571428
2023-09-13,19049,2023-09-13 00:07:09+03:00,2023-09-13 23:50:18+03:00,61,16,2023,9,September,Wednesday,13,37,2023-09-11,21778.571428571428
2023-09-14,20982,2023-09-14 00:00:18+03:00,2023-09-14 23:58:50+03:00,63,16,2023,9,September,Thursday,14,37,2023-09-11,21778.571428571428
2023-09-15,36791,2023-09-15 00:08:51+03:00,2023-09-15 23:09:42+03:00,69,17,2023,9,September,Friday,15,37,2023-09-11,21778.571428571428
2023-09-16,23905,2023-09-16 00:20:59+03:00,2023-09-16 23:04:48+03:00,55,14,2023,9,September,Saturday,16,37,2023-09-11,21778.571428571428
2023-09-17,19557,2023-09-17 00:31:24+03:00,2023-09-17 23:53:44+03:00,47,13,2023,9,September,Sunday,17,37,2023-09-11,21778.571428571428
2023-09-18,23273,2023-09-18 00:04:26+03:00,2023-09-18 23:50:55+03:00,53,13,2023,9,September,Monday,18,38,2023-09-18,10824.42857142857
2023-09-19,8587,2023-09-19 00:08:33+03:00,2023-09-19 23:28:02+03:00,50,14,2023,9,September,Tuesday,19,38,2023-09-18,10824.42857142857
2023-09-20,7163,2023-09-20 09:28:26+03:00,2023-09-20 23:20:34+03:00,36,10,2023,9,September,Wednesday,20,38,2023-09-18,10824.42857142857
2023-09-21,14371,2023-09-21 00:47:38+03:00,2023-09-21 23:34:08+03:00,47,11,2023,9,September,Thursday,21,38,2023-09-18,10824.42857142857
2023-09-22,4214,2023-09-22 01:00:43+03:00,2023-09-22 23:23:50+03:00,39,11,2023,9,September,Friday,22,38,2023-09-18,10824.42857142857
2023-09-23,8766,2023-09-23 00:36:19+03:00,2023-09-23 23:40:22+03:00,50,14,2023,9,September,Saturday,23,38,2023-09-18,10824.42857142857
2023-09-24,9397,2023-09-24 08:56:20+03:00,2023-09-24 23:55:33+03:00,41,12,2023,9,September,Sunday,24,38,2023-09-18,10824.42857142857
2023-09-25,7971,2023-09-25 08:08:44+03:00,2023-09-25 23:56:32+03:00,48,14,2023,9,September,Monday,25,39,2023-09-25,8131.428571428572
2023-09-26,7021,2023-09-26 00:10:36+03:00,2023-09-26 23:28:02+03:00,49,11,2023,9,September,Tuesday,26,39,2023-09-25,8131.428571428572
2023-09-27,12861,2023-09-27 09:00:21+03:00,2023-09-27 23:59:56+03:00,50,13,2023,9,September,Wednesday,27,39,2023-09-25,8131.428571428572
2023-09-28,11764,2023-09-28 00:27:08+03:00,2023-09-28 23:58:54+03:00,42,11,2023,9,September,Thursday,28,39,2023-09-25,8131.428571428572
2023-09-29,5508,2023-09-29 00:58:47+03:00,2023-09-29 23:19:36+03:00,35,9,2023,9,September,Friday,29,39,2023-09-25,8131.428571428572
2023-09-30,5899,2023-09-30 00:32:19+03:00,2023-09-30 23:52:51+03:00,33,8,2023,9,September,Saturday,30,39,2023-09-25,8131.428571428572
2023-10-01,5896,2023-10-01 00:02:56+03:00,2023-10-01 23:51:44+03:00,32,10,2023,10,October,Sunday,1,39,2023-09-25,8131.428571428572
2023-10-02,8839,2023-10-02 00:10:59+03:00,2023-10-02 22:24:23+03:00,37,13,2023,10,October,Monday,2,40,2023-10-02,8416.142857142857
2023-10-03,5572,2023-10-03 00:11:42+03:00,2023-10-03 23:43:04+03:00,32,10,2023,10,October,Tuesday,3,40,2023-10-02,8416.142857142857
2023-10-04,10872,2023-10-04 00:01:25+03:00,2023-10-04 23:32:55+03:00,38,16,2023,10,October,Wednesday,4,40,2023-10-02,8416.142857142857
2023-10-05,10929,2023-10-05 00:01:11+03:00,2023-10-05 23:53:56+03:00,49,16,2023,10,October,Thursday,5,40,2023-10-02,8416.142857142857
2023-10-06,8676,2023-10-06 00:48:42+03:00,2023-10-06 21:40:03+03:00,29,10,2023,10,October,Friday,6,40,2023-10-02,8416.142857142857
2023-10-07,2970,2023-10-07 00:02:53+03:00,2023-10-07 23:47:22+03:00,26,5,2023,10,October,Saturday,7,40,2023-10-02,8416.142857142857
2023-10-08,11055,2023-10-08 00:36:58+03:00,2023-10-08 23:36:23+03:00,43,12,2023,10,October,Sunday,8,40,2023-10-02,8416.142857142857
2023-10-09,7165,2023-10-09 09:40:41+03:00,2023-10-09 23:37:57+03:00,33,13,2023,10,October,Monday,9,41,2023-10-09,7278.857142857143
2023-10-10,5840,2023-10-10 08:56:02+03:00,2023-10-10 23:56:23+03:00,37,9,2023,10,October,Tuesday,10,41,2023-10-09,7278.857142857143
2023-10-11,9847,2023-10-11 00:21:27+03:00,2023-10-11 22:35:30+03:00,38,14,2023,10,October,Wednesday,11,41,2023-10-09,7278.857142857143
2023-10-12,10387,2023-10-12 09:02:30+03:00,2023-10-12 23:52:39+03:00,53,15,2023,10,October,Thursday,12,41,2023-10-09,7278.857142857143
2023-10-13,7496,2023-10-13 00:03:16+03:00,2023-10-13 23:21:43+03:00,35,14,2023,10,October,Friday,13,41,2023-10-09,7278.857142857143
2023-10-14,4972,2023-10-14 00:47:24+03:00,2023-10-14 23:44:01+03:00,27,9,2023,10,October,Saturday,14,41,2023-10-09,7278.857142857143
2023-10-15,5245,2023-10-15 00:33:06+03:00,2023-10-15 23:51:03+03:00,33,10,2023,10,October,Sunday,15,41,2023-10-09,7278.857142857143
2023-10-16,7640,2023-10-16 00:39:09+03:00,2023-10-16 23:58:11+03:00,38,11,2023,10,October,Monday,16,42,2023-10-16,8564.857142857143
2023-10-17,9834,2023-10-17 00:09:05+03:00,2023-10-17 23:46:35+03:00,41,13,2023,10,October,Tuesday,17,42,2023-10-16,8564.857142857143
2023-10-18,9815,2023-10-18 00:43:51+03:00,2023-10-18 22:58:33+03:00,37,12,2023,10,October,Wednesday,18,42,2023-10-16,8564.857142857143
2023-10-19,8285,2023-10-19 00:06:49+03:00,2023-10-19 23:53:35+03:00,32,12,2023,10,October,Thursday,19,42,2023-10-16,8564.857142857143
2023-10-20,10851,2023-10-20 00:05:16+03:00,2023-10-20 23:57:45+03:00,41,16,2023,10,October,Friday,20,42,2023-10-16,8564.857142857143
2023-10-21,7251,2023-10-21 00:14:15+03:00,2023-10-21 23:19:08+03:00,34,11,2023,10,October,Saturday,21,42,2023-10-16,8564.857142857143
2023-10-22,6278,2023-10-22 01:20:58+03:00,2023-10-22 23:56:33+03:00,33,11,2023,10,October,Sunday,22,42,2023-10-16,8564.857142857143
2023-10-23,7586,2023-10-23 00:51:26+03:00,2023-10-23 22:41:49+03:00,30,12,2023,10,October,Monday,23,43,2023-10-23,7338.142857142857
2023-10-24,7472,2023-10-24 00:07:20+03:00,2023-10-24 23:16:11+03:00,32,10,2023,10,October,Tuesday,24,43,2023-10-23,7338.142857142857
2023-10-25,10038,2023-10-25 00:34:39+03:00,2023-10-25 23:47:37+03:00,48,14,2023,10,October,Wednesday,25,43,2023-10-23,7338.142857142857
2023-10-26,8730,2023-10-26 00:23:27+03:00,2023-10-26 21:57:21+03:00,39,14,2023,10,October,Thursday,26,43,2023-10-23,7338.142857142857
2023-10-27,11589,2023-10-27 01:01:29+03:00,2023-10-27 23:42:16+03:00,38,15,2023,10,October,Friday,27,43,2023-10-23,7338.142857142857
2023-10-28,3980,2023-10-28 01:51:50+03:00,2023-10-28 22:55:30+03:00,25,9,2023,10,October,Saturday,28,43,2023-10-23,7338.142857142857
2023-10-29,1972,2023-10-29 00:11:45+03:00,2023-10-29 23:12:53+03:00,22,8,2023,10,October,Sunday,29,43,2023-10-23,7338.142857142857
2023-10-30,7138,2023-10-30 00:23:01+03:00,2023-10-30 23:36:02+03:00,40,12,2023,10,October,Monday,30,44,2023-10-30,8850.285714285714
2023-10-31,5166,2023-10-31 00:34:27+03:00,2023-10-31 23:28:33+03:00,35,9,2023,10,October,Tuesday,31,44,2023-10-30,8850.285714285714
2023-11-01,8138,2023-11-01 00:00:39+03:00,2023-11-01 23:34:02+03:00,38,15,2023,11,November,Wednesday,1,44,2023-10-30,8850.285714285714
2023-11-02,10398,2023-11-02 00:26:34+03:00,2023-11-02 23:34:05+03:00,40,13,2023,11,November,Thursday,2,44,2023-10-30,8850.285714285714
2023-11-03,9792,2023-11-03 02:27:00+03:00,2023-11-03 23:57:03+03:00,41,15,2023,11,November,Friday,3,44,2023-10-30,8850.285714285714
2023-11-04,13328,2023-11-04 00:09:30+03:00,2023-11-04 23:51:03+03:00,55,15,2023,11,November,Saturday,4,44,2023-10-30,8850.285714285714
2023-11-05,7992,2023-11-05 00:01:04+03:00,2023-11-05 23:52:18+03:00,38,13,2023,11,November,Sunday,5,44,2023-10-30,8850.285714285714
2023-11-06,11040,2023-11-06 00:41:35+03:00,2023-11-06 22:58:41+03:00,45,16,2023,11,November,Monday,6,45,2023-11-06,9681.42857142857
2023-11-07,9477,2023-11-07 00:03:34+03:00,2023-11-07 23:50:01+03:00,42,16,2023,11,November,Tuesday,7,45,2023-11-06,9681.42857142857
2023-11-08,10144,2023-11-08 00:19:31+03:00,2023-11-08 23:59:53+03:00,40,14,2023,11,November,Wednesday,8,45,2023-11-06,9681.42857142857
2023-11-09,8789,2023-11-09 00:45:27+03:00,2023-11-09 22:54:29+03:00,42,15,2023,11,November,Thursday,9,45,2023-11-06,9681.42857142857
2023-11-10,10988,2023-11-10 01:21:21+03:00,2023-11-10 22:40:47+03:00,47,14,2023,11,November,Friday,10,45,2023-11-06,9681.42857142857
2023-11-11,10032,2023-11-11 00:03:33+03:00,2023-11-11 22:37:27+03:00,42,12,2023,11,November,Saturday,11,45,2023-11-06,9681.42857142857
2023-11-12,7300,2023-11-12 00:06:28+03:00,2023-11-12 23:53:24+03:00,43,13,2023,11,November,Sunday,12,45,2023-11-06,9681.42857142857
2023-11-13,10246,2023-11-13 00:03:25+03:00,2023-11-13 23:39:31+03:00,38,15,2023,11,November,Monday,13,46,2023-11-13,9492.714285714286
2023-11-14,11961,2023-11-14 00:06:29+03:00,2023-11-14 23:46:53+03:00,44,17,2023,11,November,Tuesday,14,46,2023-11-13,9492.714285714286
2023-11-15,11541,2023-11-15 00:01:33+03:00,2023-11-15 23:24:47+03:00,42,16,2023,11,November,Wednesday,15,46,2023-11-13,9492.714285714286
2023-11-16,7640,2023-11-16 00:03:38+03:00,2023-11-16 23:12:15+03:00,39,13,2023,11,November,Thursday,16,46,2023-11-13,9492.714285714286
2023-11-17,8842,2023-11-17 00:39:23+03:00,2023-11-17 22:31:25+03:00,35,14,2023,11,November,Friday,17,46,2023-11-13,9492.714285714286
2023-11-18,9317,2023-11-18 01:00:32+03:00,2023-11-18 23:56:31+03:00,39,13,2023,11,November,Saturday,18,46,2023-11-13,9492.714285714286
2023-11-19,6902,2023-11-19 00:39:44+03:00,2023-11-19 23:53:21+03:00,38,14,2023,11,November,Sunday,19,46,2023-11-13,9492.714285714286
2023-11-20,7195,2023-11-20 00:24:20+03:00,2023-11-20 23:59:08+03:00,37,13,2023,11,November,Monday,20,47,2023-11-20,7243.142857142857
2023-11-21,7879,2023-11-21 00:09:13+03:00,2023-11-21 23:09:37+03:00,34,12,2023,11,November,Tuesday,21,47,2023-11-20,7243.142857142857
2023-11-22,6842,2023-11-22 00:01:59+03:00,2023-11-22 23:05:35+03:00,38,14,2023,11,November,Wednesday,22,47,2023-11-20,7243.142857142857
2023-11-23,8683,2023-11-23 00:12:02+03:00,2023-11-23 21:54:57+03:00,40,13,2023,11,November,Thursday,23,47,2023-11-20,7243.142857142857
2023-11-24,8569,2023-11-24 00:08:24+03:00,2023-11-24 23:54:10+03:00,42,12,2023,11,November,Friday,24,47,2023-11-20,7243.142857142857
2023-11-25,7086,2023-11-25 00:29:54+03:00,2023-11-25 23:56:49+03:00,41,10,2023,11,November,Saturday,25,47,2023-11-20,7243.142857142857
2023-11-26,4448,2023-11-26 00:08:37+03:00,2023-11-26 23:50:49+03:00,28,5,2023,11,November,Sunday,26,47,2023-11-20,7243.142857142857
2023-11-27,6692,2023-11-27 00:38:56+03:00,2023-11-27 23:56:46+03:00,34,12,2023,11,November,Monday,27,48,2023-11-27,10060.0
2023-11-28,8291,2023-11-28 07:21:02+03:00,2023-11-28 21:40:58+03:00,35,13,2023,11,November,Tuesday,28,48,2023-11-27,10060.0
2023-11-29,7570,2023-11-29 00:09:16+03:00,2023-11-29 23:38:32+03:00,30,10,2023,11,November,Wednesday,29,48,2023-11-27,10060.0
2023-11-30,10192,2023-11-30 01:28:49+03:00,2023-11-30 23:28:34+03:00,48,15,2023,11,November,Thursday,30,48,2023-11-27,10060.0
2023-12-01,6452,2023-12-01 00:39:52+03:00,2023-12-01 23:43:06+03:00,29,11,2023,12,December,Friday,1,48,2023-11-27,10060.0
2023-12-02,21947,2023-12-02 01:23:14+03:00,2023-12-02 23:49:08+03:00,61,17,2023,12,December,Saturday,2,48,2023-11-27,10060.0
2023-12-03,9276,2023-12-03 00:23:28+03:00,2023-12-03 23:13:46+03:00,49,14,2023,12,December,Sunday,3,48,2023-11-27,10060.0
2023-12-04,10230,2023-12-04 00:21:59+03:00,2023-12-04 23:25:26+03:00,44,14,2023,12,December,Monday,4,49,2023-12-04,8109.0
2023-12-05,10491,2023-12-05 00:07:14+03:00,2023-12-05 23:57:12+03:00,40,15,2023,12,December,Tuesday,5,49,2023-12-04,8109.0
2023-12-06,6221,2023-12-06 00:34:59+03:00,2023-12-06 22:58:37+03:00,31,13,2023,12,December,Wednesday,6,49,2023-12-04,8109.0
2023-12-07,6334,2023-12-07 00:00:32+03:00,2023-12-07 23:45:27+03:00,36,13,2023,12,December,Thursday,7,49,2023-12-04,8109.0
2023-12-08,5761,2023-12-08 01:23:56+03:00,2023-12-08 23:45:34+03:00,33,10,2023,12,December,Friday,8,49,2023-12-04,8109.0
2023-12-09,11726,2023-12-09 00:04:53+03:00,2023-12-09 22:55:25+03:00,40,10,2023,12,December,Saturday,9,49,2023-12-04,8109.0
2023-12-10,6000,2023-12-10 00:38:14+03:00,2023-12-10 22:56:13+03:00,27,8,2023,12,December,Sunday,10,49,2023-12-04,8109.0
2023-12-11,6363,2023-12-11 00:38:56+03:00,2023-12-11 23:58:38+03:00,27,12,2023,12,December,Monday,11,50,2023-12-11,7917.0
2023-12-12,7561,2023-12-12 00:51:13+03:00,2023-12-12 23:50:48+03:00,38,16,2023,12,December,Tuesday,12,50,2023-12-11,7917.0
2023-12-13,9728,2023-12-13 00:26:02+03:00,2023-12-13 23:58:01+03:00,40,14,2023,12,December,Wednesday,13,50,2023-12-11,7917.0
2023-12-14,6805,2023-12-14 00:19:05+03:00,2023-12-14 23:15:27+03:00,37,15,2023,12,December,Thursday,14,50,2023-12-11,7917.0
2023-12-15,9105,2023-12-15 07:51:22+03:00,2023-12-15 23:46:28+03:00,37,15,2023,12,December,Friday,15,50,2023-12-11,7917.0
2023-12-16,11067,2023-12-16 00:07:02+03:00,2023-12-16 22:34:35+03:00,47,16,2023,12,December,Saturday,16,50,2023-12-11,7917.0
2023-12-17,4790,2023-12-17 00:24:37+03:00,2023-12-17 20:32:18+03:00,27,12,2023,12,December,Sunday,17,50,2023-12-11,7917.0
2023-12-18,6753,2023-12-18 01:11:18+03:00,2023-12-18 23:41:20+03:00,33,11,2023,12,December,Monday,18,51,2023-12-18,7349.142857142857
2023-12-19,9726,2023-12-19 00:33:30+03:00,2023-12-19 23:38:44+03:00,40,13,2023,12,December,Tuesday,19,51,2023-12-18,7349.142857142857
2023-12-20,6430,2023-12-20 00:00:50+03:00,2023-12-20 23:18:59+03:00,34,14,2023,12,December,Wednesday,20,51,2023-12-18,7349.142857142857
2023-12-21,6310,2023-12-21 00:43:33+03:00,2023-12-21 23:34:49+03:00,30,11,2023,12,December,Thursday,21,51,2023-12-18,7349.142857142857
2023-12-22,7011,2023-12-22 00:10:18+03:00,2023-12-22 23:31:13+03:00,30,14,2023,12,December,Friday,22,51,2023-12-18,7349.142857142857
2023-12-23,9402,2023-12-23 00:08:17+03:00,2023-12-23 23:52:36+03:00,47,15,2023,12,December,Saturday,23,51,2023-12-18,7349.142857142857
2023-12-24,5812,2023-12-24 00:13:59+03:00,2023-12-24 23:20:13+03:00,34,6,2023,12,December,Sunday,24,51,2023-12-18,7349.142857142857
2023-12-25,5395,2023-12-25 02:11:44+03:00,2023-12-25 23:56:35+03:00,39,13,2023,12,December,Monday,25,52,2023-12-25,7293.0
2023-12-26,13126,2023-12-26 00:22:22+03:00,2023-12-26 22:39:14+03:00,50,12,2023,12,December,Tuesday,26,52,2023-12-25,7293.0
2023-12-27,9337,2023-12-27 00:22:07+03:00,2023-12-27 23:44:38+03:00,37,12,2023,12,December,Wednesday,27,52,2023-12-25,7293.0
2023-12-28,8985,2023-12-28 00:05:20+03:00,2023-12-28 23:46:29+03:00,46,12,2023,12,December,Thursday,28,52,2023-12-25,7293.0
2023-12-29,5259,2023-12-29 00:37:56+03:00,2023-12-29 23:49:16+03:00,32,13,2023,12,December,Friday,29,52,2023-12-25,7293.0
2023-12-30,5647,2023-12-30 00:20:10+03:00,2023-12-30 23:33:51+03:00,32,9,2023,12,December,Saturday,30,52,2023-12-25,7293.0
2023-12-31,3302,2023-12-31 01:51:22+03:00,2023-12-31 23:48:25+03:00,34,11,2023,12,December,Sunday,31,52,2023-12-25,7293.0
2024-01-01,5472,2024-01-01 00:00:31+03:00,2024-01-01 23:30:22+03:00,48,14,2024,1,January,Monday,1,1,2024-01-01,7090.857142857143
2024-01-02,10582,2024-01-02 00:04:36+03:00,2024-01-02 23:49:51+03:00,53,17,2024,1,January,Tuesday,2,1,2024-01-01,7090.857142857143
2024-01-03,6583,2024-01-03 01:09:54+03:00,2024-01-03 23:01:18+03:00,33,10,2024,1,January,Wednesday,3,1,2024-01-01,7090.857142857143
2024-01-04,7462,2024-01-04 00:10:56+03:00,2024-01-04 23:54:47+03:00,40,10,2024,1,January,Thursday,4,1,2024-01-01,7090.857142857143
2024-01-05,6907,2024-01-05 00:06:35+03:00,2024-01-05 23:44:27+03:00,43,15,2024,1,January,Friday,5,1,2024-01-01,7090.857142857143
2024-01-06,7167,2024-01-06 00:14:57+03:00,2024-01-06 23:58:32+03:00,44,12,2024,1,January,Saturday,6,1,2024-01-01,7090.857142857143
2024-01-07,5463,2024-01-07 00:14:53+03:00,2024-01-07 23:55:05+03:00,41,11,2024,1,January,Sunday,7,1,2024-01-01,7090.857142857143
2024-01-08,4248,2024-01-08 00:38:14+03:00,2024-01-08 23:08:03+03:00,30,12,2024,1,January,Monday,8,2,2024-01-08,6557.0
2024-01-09,4893,2024-01-09 00:02:56+03:00,2024-01-09 23:44:38+03:00,30,13,2024,1,January,Tuesday,9,2,2024-01-08,6557.0
2024-01-10,4197,2024-01-10 00:19:34+03:00,2024-01-10 23:34:08+03:00,31,9,2024,1,January,Wednesday,10,2,2024-01-08,6557.0
2024-01-11,7547,2024-01-11 00:55:28+03:00,2024-01-11 23:30:35+03:00,40,12,2024,1,January,Thursday,11,2,2024-01-08,6557.0
2024-01-12,4793,2024-01-12 00:00:04+03:00,2024-01-12 23:14:59+03:00,30,9,2024,1,January,Friday,12,2,2024-01-08,6557.0
2024-01-13,14601,2024-01-13 00:39:46+03:00,2024-01-13 23:56:11+03:00,43,14,2024,1,January,Saturday,13,2,2024-01-08,6557.0
2024-01-14,5620,2024-01-14 00:46:35+03:00,2024-01-14 23:46:23+03:00,33,12,2024,1,January,Sunday,14,2,2024-01-08,6557.0
2024-01-15,8880,2024-01-15 00:01:28+03:00,2024-01-15 23:57:22+03:00,48,15,2024,1,January,Monday,15,3,2024-01-15,7000.857142857143
2024-01-16,6866,2024-01-16 01:27:13+03:00,2024-01-16 23:32:08+03:00,36,13,2024,1,January,Tuesday,16,3,2024-01-15,7000.857142857143
2024-01-17,4814,2024-01-17 00:04:51+03:00,2024-01-17 22:13:04+03:00,29,10,2024,1,January,Wednesday,17,3,2024-01-15,7000.857142857143
2024-01-18,7220,2024-01-18 00:04:21+03:00,2024-01-18 23:17:55+03:00,41,17,2024,1,January,Thursday,18,3,2024-01-15,7000.857142857143
2024-01-19,9244,2024-01-19 00:02:32+03:00,2024-01-19 23:13:22+03:00,39,13,2024,1,January,Friday,19,3,2024-01-15,7000.857142857143
2024-01-20,3307,2024-01-20 01:05:03+03:00,2024-01-20 22:39:19+03:00,27,7,2024,1,January,Saturday,20,3,2024-01-15,7000.857142857143
2024-01-21,8675,2024-01-21 00:05:42+03:00,2024-01-21 23:31:16+03:00,37,11,2024,1,January,Sunday,21,3,2024-01-15,7000.857142857143
2024-01-22,5738,2024-01-22 00:22:07+03:00,2024-01-22 22:51:49+03:00,47,11,2024,1,January,Monday,22,4,2024-01-22,6692.285714285715
2024-01-23,9757,2024-01-23 00:41:38+03:00,2024-01-23 23:49:43+03:00,34,11,2024,1,January,Tuesday,23,4,2024-01-22,6692.285714285715
2024-01-24,6016,2024-01-24 00:11:10+03:00,2024-01-24 23:54:03+03:00,42,13,2024,1,January,Wednesday,24,4,2024-01-22,6692.285714285715
2024-01-25,3353,2024-01-25 00:04:03+03:00,2024-01-25 23:49:12+03:00,29,9,2024,1,January,Thursday,25,4,2024-01-22,6692.285714285715
2024-01-26,3632,2024-01-26 00:01:31+03:00,2024-01-26 23:53:17+03:00,31,11,2024,1,January,Friday,26,4,2024-01-22,6692.285714285715
2024-01-27,8604,2024-01-27 00:17:34+03:00,2024-01-27 23:00:49+03:00,35,10,2024,1,January,Saturday,27,4,2024-01-22,6692.285714285715
2024-01-28,9746,2024-01-28 00:13:36+03:00,2024-01-28 23:25:01+03:00,39,10,2024,1,January,Sunday,28,4,2024-01-22,6692.285714285715
2024-01-29,2458,2024-01-29 00:06:38+03:00,2024-01-29 23:00:58+03:00,31,10,2024,1,January,Monday,29,5,2024-01-29,3919.5714285714284
2024-01-30,4213,2024-01-30 00:19:28+03:00,2024-01-30 23:49:34+03:00,39,13,2024,1,January,Tuesday,30,5,2024-01-29,3919.5714285714284
2024-01-31,6383,2024-01-31 00:00:33+03:00,2024-01-31 23:46:52+03:00,37,8,2024,1,January,Wednesday,31,5,2024-01-29,3919.5714285714284
2024-02-01,3592,2024-02-01 00:02:59+03:00,2024-02-01 23:57:28+03:00,38,12,2024,2,February,Thursday,1,5,2024-01-29,3919.5714285714284
2024-02-02,2376,2024-02-02 00:13:38+03:00,2024-02-02 23:37:03+03:00,29,10,2024,2,February,Friday,2,5,2024-01-29,3919.5714285714284
2024-02-03,5024,2024-02-03 00:36:07+03:00,2024-02-03 23:53:59+03:00,33,9,2024,2,February,Saturday,3,5,2024-01-29,3919.5714285714284
2024-02-04,3391,2024-02-04 00:07:27+03:00,2024-02-04 23:31:59+03:00,35,11,2024,2,February,Sunday,4,5,2024-01-29,3919.5714285714284
2024-02-05,9108,2024-02-05 00:06:20+03:00,2024-02-05 23:23:09+03:00,36,13,2024,2,February,Monday,5,6,2024-02-05,8768.857142857143
2024-02-06,5270,2024-02-06 00:02:47+03:00,2024-02-06 23:35:57+03:00,38,13,2024,2,February,Tuesday,6,6,2024-02-05,8768.857142857143
2024-02-07,5027,2024-02-07 00:12:51+03:00,2024-02-07 23:50:53+03:00,40,15,2024,2,February,Wednesday,7,6,2024-02-05,8768.857142857143
2024-02-08,11906,2024-02-08 00:00:53+03:00,2024-02-08 23:53:57+03:00,51,13,2024,2,February,Thursday,8,6,2024-02-05,8768.857142857143
2024-02-09,10073,2024-02-09 00:46:38+03:00,2024-02-09 23:57:49+03:00,55,18,2024,2,February,Friday,9,6,2024-02-05,8768.857142857143
2024-02-10,8939,2024-02-10 00:07:49+03:00,2024-02-10 23:53:35+03:00,35,13,2024,2,February,Saturday,10,6,2024-02-05,8768.857142857143
2024-02-11,11059,2024-02-11 00:12:19+03:00,2024-02-11 23:56:24+03:00,33,10,2024,2,February,Sunday,11,6,2024-02-05,8768.857142857143
2024-02-12,4162,2024-02-12 00:34:14+03:00,2024-02-12 23:59:55+03:00,29,6,2024,2,February,Monday,12,7,2024-02-12,7744.714285714285
2024-02-13,12148,2024-02-13 01:18:48+03:00,2024-02-13 22:53:53+03:00,35,10,2024,2,February,Tuesday,13,7,2024-02-12,7744.714285714285
2024-02-14,8897,2024-02-14 01:59:11+03:00,2024-02-14 23:30:46+03:00,35,10,2024,2,February,Wednesday,14,7,2024-02-12,7744.714285714285
2024-02-15,5940,2024-02-15 00:21:43+03:00,2024-02-15 23:10:16+03:00,37,10,2024,2,February,Thursday,15,7,2024-02-12,7744.714285714285
2024-02-16,6047,2024-02-16 00:06:39+03:00,2024-02-16 23:54:29+03:00,35,11,2024,2,February,Friday,16,7,2024-02-12,7744.714285714285
2024-02-17,7040,2024-02-17 00:06:22+03:00,2024-02-17 23:55:43+03:00,36,15,2024,2,February,Saturday,17,7,2024-02-12,7744.714285714285
2024-02-18,9979,2024-02-18 00:06:22+03:00,2024-02-18 23:55:12+03:00,44,12,2024,2,February,Sunday,18,7,2024-02-12,7744.714285714285
2024-02-19,8197,2024-02-19 08:48:30+03:00,2024-02-19 23:01:27+03:00,33,13,2024,2,February,Monday,19,8,2024-02-19,7286.428571428572
2024-02-20,8137,2024-02-20 00:06:42+03:00,2024-02-20 23:47:17+03:00,39,15,2024,2,February,Tuesday,20,8,2024-02-19,7286.428571428572
2024-02-21,8136,2024-02-21 00:10:43+03:00,2024-02-21 22:58:58+03:00,38,12,2024,2,February,Wednesday,21,8,2024-02-19,7286.428571428572
2024-02-22,8712,2024-02-22 01:18:57+03:00,2024-02-22 23:48:46+03:00,34,13,2024,2,February,Thursday,22,8,2024-02-19,7286.428571428572
2024-02-23,6037,2024-02-23 00:01:20+03:00,2024-02-23 22:58:31+03:00,30,11,2024,2,February,Friday,23,8,2024-02-19,7286.428571428572
2024-02-24,4474,2024-02-24 01:07:08+03:00,2024-02-24 23:48:13+03:00,33,10,2024,2,February,Saturday,24,8,2024-02-19,7286.428571428572
2024-02-25,7312,2024-02-25 00:01:33+03:00,2024-02-25 22:37:49+03:00,37,11,2024,2,February,Sunday,25,8,2024-02-19,7286.428571428572
2024-02-26,6727,2024-02-26 00:00:08+03:00,2024-02-26 23:32:32+03:00,42,14,2024,2,February,Monday,26,9,2024-02-26,8107.714285714285
2024-02-27,9262,2024-02-27 00:09:05+03:00,2024-02-27 23:48:00+03:00,42,14,2024,2,February,Tuesday,27,9,2024-02-26,8107.714285714285
2024-02-28,5655,2024-02-28 09:05:02+03:00,2024-02-28 23:32:14+03:00,31,12,2024,2,February,Wednesday,28,9,2024-02-26,8107.714285714285
2024-02-29,7199,2024-02-29 00:03:16+03:00,2024-02-29 23:26:10+03:00,38,15,2024,2,February,Thursday,29,9,2024-02-26,8107.714285714285
2024-03-01,10368,2024-03-01 00:10:59+03:00,2024-03-01 23:36:23+03:00,43,12,2024,3,March,Friday,1,9,2024-02-26,8107.714285714285
2024-03-02,13310,2024-03-02 10:24:26+03:00,2024-03-02 23:53:09+03:00,45,14,2024,3,March,Saturday,2,9,2024-02-26,8107.714285714285
2024-03-03,4233,2024-03-03 00:03:20+03:00,2024-03-03 23:35:15+03:00,39,9,2024,3,March,Sunday,3,9,2024-02-26,8107.714285714285
2024-03-04,5789,2024-03-04 00:05:28+03:00,2024-03-04 23:33:43+03:00,32,12,2024,3,March,Monday,4,10,2024-03-04,8503.42857142857
2024-03-05,11564,2024-03-05 00:07:52+03:00,2024-03-05 23:37:36+03:00,45,13,2024,3,March,Tuesday,5,10,2024-03-04,8503.42857142857
2024-03-06,13275,2024-03-06 00:06:44+03:00,2024-03-06 23:59:43+03:00,54,16,2024,3,March,Wednesday,6,10,2024-03-04,8503.42857142857
2024-03-07,7946,2024-03-07 00:20:15+03:00,2024-03-07 23:18:33+03:00,66,16,2024,3,March,Thursday,7,10,2024-03-04,8503.42857142857
2024-03-08,6835,2024-03-08 08:15:02+03:00,2024-03-08 22:30:56+03:00,50,14,2024,3,March,Friday,8,10,2024-03-04,8503.42857142857
2024-03-09,5941,2024-03-09 00:11:50+03:00,2024-03-09 23:49:42+03:00,54,16,2024,3,March,Saturday,9,10,2024-03-04,8503.42857142857
2024-03-10,8174,2024-03-10 00:16:49+03:00,2024-03-10 23:35:20+03:00,52,15,2024,3,March,Sunday,10,10,2024-03-04,8503.42857142857
2024-03-11,7898,2024-03-11 08:04:39+03:00,2024-03-11 23:40:30+03:00,42,14,2024,3,March,Monday,11,11,2024-03-11,8878.857142857143
2024-03-12,14610,2024-03-12 00:11:44+03:00,2024-03-12 23:59:54+03:00,52,16,2024,3,March,Tuesday,12,11,2024-03-11,8878.857142857143
2024-03-13,10449,2024-03-13 00:51:47+03:00,2024-03-13 22:07:46+03:00,40,14,2024,3,March,Wednesday,13,11,2024-03-11,8878.857142857143
2024-03-14,8253,2024-03-14 08:03:41+03:00,2024-03-14 23:27:54+03:00,38,15,2024,3,March,Thursday,14,11,2024-03-11,8878.857142857143
2024-03-15,10552,2024-03-15 00:28:22+03:00,2024-03-15 23:53:45+03:00,50,11,2024,3,March,Friday,15,11,2024-03-11,8878.857142857143
2024-03-16,4660,2024-03-16 00:29:45+03:00,2024-03-16 23:55:22+03:00,28,10,2024,3,March,Saturday,16,11,2024-03-11,8878.857142857143
2024-03-17,5730,2024-03-17 01:21:35+03:00,2024-03-17 23:21:27+03:00,41,13,2024,3,March,Sunday,17,11,2024-03-11,8878.857142857143
2024-03-18,8429,2024-03-18 00:36:43+03:00,2024-03-18 23:51:28+03:00,39,14,2024,3,March,Monday,18,12,2024-03-18,7935.142857142857
2024-03-19,12328,2024-03-19 00:46:13+03:00,2024-03-19 23:46:43+03:00,42,15,2024,3,March,Tuesday,19,12,2024-03-18,7935.142857142857
2024-03-20,5891,2024-03-20 00:09:05+03:00,2024-03-20 23:43:42+03:00,38,9,2024,3,March,Wednesday,20,12,2024-03-18,7935.142857142857
2024-03-21,7066,2024-03-21 09:19:43+03:00,2024-03-21 23:50:04+03:00,37,13,2024,3,March,Thursday,21,12,2024-03-18,7935.142857142857
2024-03-22,9106,2024-03-22 00:00:04+03:00,2024-03-22 23:41:45+03:00,38,13,2024,3,March,Friday,22,12,2024-03-18,7935.142857142857
2024-03-23,5178,2024-03-23 01:09:00+03:00,2024-03-23 23:54:22+03:00,35,11,2024,3,March,Saturday,23,12,2024-03-18,7935.142857142857
2024-03-24,7548,2024-03-24 01:11:01+03:00,2024-03-24 23:25:16+03:00,39,15,2024,3,March,Sunday,24,12,2024-03-18,7935.142857142857
2024-03-25,6511,2024-03-25 08:50:54+03:00,2024-03-25 23:02:48+03:00,39,14,2024,3,March,Monday,25,13,2024-03-25,7727.0
2024-03-26,5790,2024-03-26 00:30:23+03:00,2024-03-26 23:55:13+03:00,33,15,2024,3,March,Tuesday,26,13,2024-03-25,7727.0
2024-03-27,5115,2024-03-27 00:28:28+03:00,2024-03-27 23:53:05+03:00,31,12,2024,3,March,Wednesday,27,13,2024-03-25,7727.0
2024-03-28,10450,2024-03-28 00:09:22+03:00,2024-03-28 23:59:29+03:00,54,16,2024,3,March,Thursday,28,13,2024-03-25,7727.0
2024-03-29,8311,2024-03-29 00:50:40+03:00,2024-03-29 23:57:49+03:00,42,10,2024,3,March,Friday,29,13,2024-03-25,7727.0
2024-03-30,4939,2024-03-30 00:34:56+03:00,2024-03-30 23:43:40+03:00,35,11,2024,3,March,Saturday,30,13,2024-03-25,7727.0
2024-03-31,12973,2024-03-31 06:31:17+03:00,2024-03-31 23:39:02+03:00,73,17,2024,3,March,Sunday,31,13,2024-03-25,7727.0
2024-04-01,5158,2024-04-01 01:14:16+03:00,2024-04-01 23:57:59+03:00,33,11,2024,4,April,Monday,1,14,2024-04-01,6846.0
2024-04-02,8517,2024-04-02 00:43:51+03:00,2024-04-02 23:02:27+03:00,36,12,2024,4,April,Tuesday,2,14,2024-04-01,6846.0
2024-04-03,8119,2024-04-03 10:12:53+03:00,2024-04-03 23:12:40+03:00,37,10,2024,4,April,Wednesday,3,14,2024-04-01,6846.0
2024-04-04,9339,2024-04-04 09:17:40+03:00,2024-04-04 23:48:38+03:00,45,13,2024,4,April,Thursday,4,14,2024-04-01,6846.0
2024-04-05,6160,2024-04-05 00:47:52+03:00,2024-04-05 22:54:38+03:00,38,10,2024,4,April,Friday,5,14,2024-04-01,6846.0
2024-04-06,6813,2024-04-06 00:47:41+03:00,2024-04-06 23:25:52+03:00,46,11,2024,4,April,Saturday,6,14,2024-04-01,6846.0
2024-04-07,3816,2024-04-07 00:23:02+03:00,2024-04-07 23:53:42+03:00,39,13,2024,4,April,Sunday,7,14,2024-04-01,6846.0
2024-04-08,3900,2024-04-08 00:05:12+03:00,2024-04-08 23:01:38+03:00,33,8,2024,4,April,Monday,8,15,2024-04-08,5682.285714285715
2024-04-09,5847,2024-04-09 00:35:01+03:00,2024-04-09 23:34:30+03:00,41,14,2024,4,April,Tuesday,9,15,2024-04-08,5682.285714285715
2024-04-10,7765,2024-04-10 00:04:00+03:00,2024-04-10 23:55:09+03:00,48,13,2024,4,April,Wednesday,10,15,2024-04-08,5682.285714285715
2024-04-11,6720,2024-04-11 01:04:54+03:00,2024-04-11 23:50:40+03:00,46,12,2024,4,April,Thursday,11,15,2024-04-08,5682.285714285715
2024-04-12,5860,2024-04-12 00:32:32+03:00,2024-04-12 23:24:20+03:00,45,15,2024,4,April,Friday,12,15,2024-04-08,5682.285714285715
2024-04-13,4865,2024-04-13 00:15:18+03:00,2024-04-13 23:48:06+03:00,45,11,2024,4,April,Saturday,13,15,2024-04-08,5682.285714285715
2024-04-14,4819,2024-04-14 00:26:34+03:00,2024-04-14 22:19:24+03:00,37,7,2024,4,April,Sunday,14,15,2024-04-08,5682.285714285715
2024-04-15,8600,2024-04-15 00:23:41+03:00,2024-04-15 23:56:56+03:00,40,14,2024,4,April,Monday,15,16,2024-04-15,8249.57142857143
2024-04-16,9548,2024-04-16 00:24:57+03:00,2024-04-16 23:55:37+03:00,42,14,2024,4,April,Tuesday,16,16,2024-04-15,8249.57142857143
2024-04-17,9080,2024-04-17 08:50:32+03:00,2024-04-17 23:53:45+03:00,40,14,2024,4,April,Wednesday,17,16,2024-04-15,8249.57142857143
2024-04-18,7969,2024-04-18 01:01:07+03:00,2024-04-18 23:55:41+03:00,34,14,2024,4,April,Thursday,18,16,2024-04-15,8249.57142857143
2024-04-19,6612,2024-04-19 00:40:03+03:00,2024-04-19 23:51:28+03:00,43,15,2024,4,April,Friday,19,16,2024-04-15,8249.57142857143
2024-04-20,6619,2024-04-20 00:01:36+03:00,2024-04-20 23:43:18+03:00,38,11,2024,4,April,Saturday,20,16,2024-04-15,8249.57142857143
2024-04-21,9319,2024-04-21 00:05:58+03:00,2024-04-21 23:45:30+03:00,43,13,2024,4,April,Sunday,21,16,2024-04-15,8249.57142857143
2024-04-22,5658,2024-04-22 08:35:01+03:00,2024-04-22 23:50:16+03:00,30,12,2024,4,April,Monday,22,17,2024-04-22,6452.857142857143
2024-04-23,8631,2024-04-23 00:05:30+03:00,2024-04-23 23:57:48+03:00,43,14,2024,4,April,Tuesday,23,17,2024-04-22,6452.857142857143
2024-04-24,4035,2024-04-24 00:44:10+03:00,2024-04-24 23:44:08+03:00,27,8,2024,4,April,Wednesday,24,17,2024-04-22,6452.857142857143
2024-04-25,8627,2024-04-25 00:22:14+03:00,2024-04-25 23:59:10+03:00,43,12,2024,4,April,Thursday,25,17,2024-04-22,6452.857142857143
2024-04-26,7055,2024-04-26 00:15:43+03:00,2024-04-26 23:42:23+03:00,45,13,2024,4,April,Friday,26,17,2024-04-22,6452.857142857143
2024-04-27,3966,2024-04-27 09:38:58+03:00,2024-04-27 23:42:28+03:00,26,11,2024,4,April,Saturday,27,17,2024-04-22,6452.857142857143
2024-04-28,7198,2024-04-28 00:11:50+03:00,2024-04-28 23:24:51+03:00,35,13,2024,4,April,Sunday,28,17,2024-04-22,6452.857142857143
2024-04-29,7435,2024-04-29 00:07:13+03:00,2024-04-29 22:29:31+03:00,36,12,2024,4,April,Monday,29,18,2024-04-29,6573.285714285715
2024-04-30,7730,2024-04-30 00:52:20+03:00,2024-04-30 23:30:52+03:00,36,13,2024,4,April,Tuesday,30,18,2024-04-29,6573.285714285715
2024-05-01,5145,2024-05-01 00:31:37+03:00,2024-05-01 23:27:20+03:00,36,13,2024,5,May,Wednesday,1,18,2024-04-29,6573.285714285715
2024-05-02,8112,2024-05-02 00:04:14+03:00,2024-05-02 23:49:04+03:00,43,15,2024,5,May,Thursday,2,18,2024-04-29,6573.285714285715
2024-05-03,5634,2024-05-03 00:07:50+03:00,2024-05-03 23:47:43+03:00,43,13,2024,5,May,Friday,3,18,2024-04-29,6573.285714285715
2024-05-04,5044,2024-05-04 00:00:35+03:00,2024-05-04 23:24:42+03:00,40,14,2024,5,May,Saturday,4,18,2024-04-29,6573.285714285715
2024-05-05,6913,2024-05-05 00:06:51+03:00,2024-05-05 23:39:43+03:00,40,15,2024,5,May,Sunday,5,18,2024-04-29,6573.285714285715
2024-05-06,9900,2024-05-06 00:41:06+03:00,2024-05-06 22:48:52+03:00,44,14,2024,5,May,Monday,6,19,2024-05-06,9625.57142857143
2024-05-07,11702,2024-05-07 00:51:09+03:00,2024-05-07 21:53:22+03:00,48,14,2024,5,May,Tuesday,7,19,2024-05-06,9625.57142857143
2024-05-08,13631,2024-05-08 00:45:33+03:00,2024-05-08 22:22:47+03:00,43,14,2024,5,May,Wednesday,8,19,2024-05-06,9625.57142857143
2024-05-09,9709,2024-05-09 00:48:19+03:00,2024-05-09 23:16:06+03:00,37,13,2024,5,May,Thursday,9,19,2024-05-06,9625.57142857143
2024-05-10,7841,2024-05-10 01:00:55+03:00,2024-05-10 23:55:22+03:00,44,13,2024,5,May,Friday,10,19,2024-05-06,9625.57142857143
2024-05-11,7427,2024-05-11 01:25:22+03:00,2024-05-11 23:12:43+03:00,34,9,2024,5,May,Saturday,11,19,2024-05-06,9625.57142857143
2024-05-12,7169,2024-05-12 00:44:27+03:00,2024-05-12 23:54:10+03:00,34,11,2024,5,May,Sunday,12,19,2024-05-06,9625.57142857143
2024-05-13,8179,2024-05-13 00:02:07+03:00,2024-05-13 23:07:35+03:00,45,15,2024,5,May,Monday,13,20,2024-05-13,8864.142857142857
2024-05-14,7762,2024-05-14 00:47:18+03:00,2024-05-14 23:41:09+03:00,37,9,2024,5,May,Tuesday,14,20,2024-05-13,8864.142857142857
2024-05-15,9268,2024-05-15 01:08:14+03:00,2024-05-15 23:37:19+03:00,40,14,2024,5,May,Wednesday,15,20,2024-05-13,8864.142857142857
2024-05-16,4081,2024-05-16 01:02:14+03:00,2024-05-16 23:43:00+03:00,29,9,2024,5,May,Thursday,16,20,2024-05-13,8864.142857142857
2024-05-17,11903,2024-05-17 00:09:46+03:00,2024-05-17 23:49:37+03:00,54,17,2024,5,May,Friday,17,20,2024-05-13,8864.142857142857
2024-05-18,10853,2024-05-18 00:13:02+03:00,2024-05-18 23:39:21+03:00,38,12,2024,5,May,Saturday,18,20,2024-05-13,8864.142857142857
2024-05-19,10003,2024-05-19 00:03:48+03:00,2024-05-19 23:27:23+03:00,39,10,2024,5,May,Sunday,19,20,2024-05-13,8864.142857142857
2024-05-20,9314,2024-05-20 00:18:58+03:00,2024-05-20 23:27:49+03:00,41,14,2024,5,May,Monday,20,21,2024-05-20,7581.428571428572
2024-05-21,6820,2024-05-21 00:26:33+03:00,2024-05-21 23:40:25+03:00,36,11,2024,5,May,Tuesday,21,21,2024-05-20,7581.428571428572
2024-05-22,5681,2024-05-22 00:39:46+03:00,2024-05-22 23:15:35+03:00,37,10,2024,5,May,Wednesday,22,21,2024-05-20,7581.428571428572
2024-05-23,8066,2024-05-23 00:10:00+03:00,2024-05-23 23:42:44+03:00,44,13,2024,5,May,Thursday,23,21,2024-05-20,7581.428571428572
2024-05-24,8497,2024-05-24 00:05:21+03:00,2024-05-24 22:16:52+03:00,41,11,2024,5,May,Friday,24,21,2024-05-20,7581.428571428572
2024-05-25,6682,2024-05-25 00:17:55+03:00,2024-05-25 23:25:23+03:00,26,12,2024,5,May,Saturday,25,21,2024-05-20,7581.428571428572
2024-05-26,8010,2024-05-26 00:23:26+03:00,2024-05-26 23:36:19+03:00,45,15,2024,5,May,Sunday,26,21,2024-05-20,7581.428571428572
2024-05-27,5451,2024-05-27 00:08:57+03:00,2024-05-27 23:40:38+03:00,39,12,2024,5,May,Monday,27,22,2024-05-27,7388.0
2024-05-28,6424,2024-05-28 00:10:59+03:00,2024-05-28 23:14:17+03:00,31,12,2024,5,May,Tuesday,28,22,2024-05-27,7388.0
2024-05-29,8666,2024-05-29 00:04:34+03:00,2024-05-29 23:11:59+03:00,43,17,2024,5,May,Wednesday,29,22,2024-05-27,7388.0
2024-05-30,7329,2024-05-30 00:01:54+03:00,2024-05-30 23:39:07+03:00,39,14,2024,5,May,Thursday,30,22,2024-05-27,7388.0
2024-05-31,8605,2024-05-31 00:23:44+03:00,2024-05-31 23:47:14+03:00,32,13,2024,5,May,Friday,31,22,2024-05-27,7388.0
2024-06-01,7664,2024-06-01 00:05:11+03:00,2024-06-01 23:58:41+03:00,38,11,2024,6,June,Saturday,1,22,2024-05-27,7388.0
2024-06-02,7577,2024-06-02 00:11:31+03:00,2024-06-02 22:19:31+03:00,43,12,2024,6,June,Sunday,2,22,2024-05-27,7388.0
2024-06-03,10877,2024-06-03 00:03:14+03:00,2024-06-03 23:52:02+03:00,47,16,2024,6,June,Monday,3,23,2024-06-03,9651.57142857143
2024-06-04,11963,2024-06-04 00:02:28+03:00,2024-06-04 23:49:10+03:00,54,18,2024,6,June,Tuesday,4,23,2024-06-03,9651.57142857143
2024-06-05,6860,2024-06-05 00:31:02+03:00,2024-06-05 23:47:10+03:00,39,14,2024,6,June,Wednesday,5,23,2024-06-03,9651.57142857143
2024-06-06,11907,2024-06-06 00:04:32+03:00,2024-06-06 23:43:35+03:00,42,13,2024,6,June,Thursday,6,23,2024-06-03,9651.57142857143
2024-06-07,8109,2024-06-07 00:12:59+03:00,2024-06-07 23:53:20+03:00,41,14,2024,6,June,Friday,7,23,2024-06-03,9651.57142857143
2024-06-08,7307,2024-06-08 00:08:10+03:00,2024-06-08 23:47:26+03:00,40,13,2024,6,June,Saturday,8,23,2024-06-03,9651.57142857143
2024-06-09,10538,2024-06-09 00:02:31+03:00,2024-06-09 23:56:56+03:00,50,16,2024,6,June,Sunday,9,23,2024-06-03,9651.57142857143
2024-06-10,19687,2024-06-10 00:10:11+03:00,2024-06-10 23:31:21+03:00,60,17,2024,6,June,Monday,10,24,2024-06-10,12672.857142857143
2024-06-11,11831,2024-06-11 00:30:08+03:00,2024-06-11 23:51:25+03:00,50,15,2024,6,June,Tuesday,11,24,2024-06-10,12672.857142857143
2024-06-12,16033,2024-06-12 00:14:57+03:00,2024-06-12 23:58:17+03:00,59,17,2024,6,June,Wednesday,12,24,2024-06-10,12672.857142857143
2024-06-13,9931,2024-06-13 00:08:17+03:00,2024-06-13 23:51:26+03:00,41,13,2024,6,June,Thursday,13,24,2024-06-10,12672.857142857143
2024-06-14,9763,2024-06-14 00:03:35+03:00,2024-06-14 23:56:34+03:00,47,13,2024,6,June,Friday,14,24,2024-06-10,12672.857142857143
2024-06-15,7606,2024-06-15 00:09:42+03:00,2024-06-15 23:46:21+03:00,38,11,2024,6,June,Saturday,15,24,2024-06-10,12672.857142857143
2024-06-16,13859,2024-06-16 00:23:16+03:00,2024-06-16 23:48:14+03:00,50,15,2024,6,June,Sunday,16,24,2024-06-10,12672.857142857143
2024-06-17,8806,2024-06-17 00:01:55+03:00,2024-06-17 23:56:09+03:00,46,13,2024,6,June,Monday,17,25,2024-06-17,20703.714285714286
2024-06-18,11510,2024-06-18 00:34:57+03:00,2024-06-18 23:40:02+03:00,50,15,2024,6,June,Tuesday,18,25,2024-06-17,20703.714285714286
2024-06-19,6782,2024-06-19 00:01:00+03:00,2024-06-19 23:02:19+03:00,44,12,2024,6,June,Wednesday,19,25,2024-06-17,20703.714285714286
2024-06-20,28768,2024-06-20 04:31:06+03:00,2024-06-20 22:33:06+03:00,62,14,2024,6,June,Thursday,20,25,2024-06-17,20703.714285714286
2024-06-21,37174,2024-06-21 09:11:02+03:00,2024-06-21 23:52:06+03:00,64,14,2024,6,June,Friday,21,25,2024-06-17,20703.714285714286
2024-06-22,28246,2024-06-22 00:42:42+03:00,2024-06-22 23:13:44+03:00,60,15,2024,6,June,Saturday,22,25,2024-06-17,20703.714285714286
2024-06-23,23640,2024-06-23 00:18:16+03:00,2024-06-23 23:32:34+03:00,53,11,2024,6,June,Sunday,23,25,2024-06-17,20703.714285714286
2024-06-24,26565,2024-06-24 00:03:25+03:00,2024-06-24 23:38:32+03:00,58,12,2024,6,June,Monday,24,26,2024-06-24,14105.42857142857
2024-06-25,21663,2024-06-25 00:05:05+03:00,2024-06-25 23:43:13+03:00,51,13,2024,6,June,Tuesday,25,26,2024-06-24,14105.42857142857
2024-06-26,23226,2024-06-26 00:55:30+03:00,2024-06-26 23:59:32+03:00,53,15,2024,6,June,Wednesday,26,26,2024-06-24,14105.42857142857
2024-06-27,7935,2024-06-27 00:09:33+03:00,2024-06-27 23:48:20+03:00,46,13,2024,6,June,Thursday,27,26,2024-06-24,14105.42857142857
2024-06-28,7769,2024-06-28 00:00:31+03:00,2024-06-28 23:11:21+03:00,45,15,2024,6,June,Friday,28,26,2024-06-24,14105.42857142857
2024-06-29,4993,2024-06-29 00:16:59+03:00,2024-06-29 23:57:38+03:00,40,12,2024,6,June,Saturday,29,26,2024-06-24,14105.42857142857
2024-06-30,6587,2024-06-30 00:15:59+03:00,2024-06-30 22:50:13+03:00,41,11,2024,6,June,Sunday,30,26,2024-06-24,14105.42857142857
2024-07-01,11313,2024-07-01 00:09:05+03:00,2024-07-01 23:58:23+03:00,48,14,2024,7,July,Monday,1,27,2024-07-01,7084.714285714285
2024-07-02,10152,2024-07-02 05:45:34+03:00,2024-07-02 23:03:13+03:00,47,12,2024,7,July,Tuesday,2,27,2024-07-01,7084.714285714285
2024-07-03,9020,2024-07-03 00:20:54+03:00,2024-07-03 22:49:56+03:00,50,16,2024,7,July,Wednesday,3,27,2024-07-01,7084.714285714285
2024-07-04,3731,2024-07-04 08:17:48+03:00,2024-07-04 21:36:57+03:00,29,6,2024,7,July,Thursday,4,27,2024-07-01,7084.714285714285
2024-07-05,2193,2024-07-05 00:36:27+03:00,2024-07-05 22:49:34+03:00,31,4,2024,7,July,Friday,5,27,2024-07-01,7084.714285714285
2024-07-06,7706,2024-07-06 00:42:35+03:00,2024-07-06 21:30:27+03:00,38,10,2024,7,July,Saturday,6,27,2024-07-01,7084.714285714285
2024-07-07,5478,2024-07-07 00:07:00+03:00,2024-07-07 23:58:54+03:00,32,7,2024,7,July,Sunday,7,27,2024-07-01,7084.714285714285
2024-07-08,4391,2024-07-08 00:14:49+03:00,2024-07-08 23:05:12+03:00,35,9,2024,7,July,Monday,8,28,2024-07-08,6369.857142857143
2024-07-09,6178,2024-07-09 00:51:42+03:00,2024-07-09 23:54:36+03:00,26,9,2024,7,July,Tuesday,9,28,2024-07-08,6369.857142857143
2024-07-10,9746,2024-07-10 05:56:07+03:00,2024-07-10 23:02:39+03:00,43,16,2024,7,July,Wednesday,10,28,2024-07-08,6369.857142857143
2024-07-11,8888,2024-07-11 00:09:41+03:00,2024-07-11 21:21:09+03:00,42,15,2024,7,July,Thursday,11,28,2024-07-08,6369.857142857143
2024-07-12,5039,2024-07-12 09:39:42+03:00,2024-07-12 23:52:57+03:00,32,8,2024,7,July,Friday,12,28,2024-07-08,6369.857142857143
2024-07-13,8765,2024-07-13 00:02:58+03:00,2024-07-13 23:58:12+03:00,37,10,2024,7,July,Saturday,13,28,2024-07-08,6369.857142857143
2024-07-14,1582,2024-07-14 00:12:08+03:00,2024-07-14 23:31:33+03:00,20,4,2024,7,July,Sunday,14,28,2024-07-08,6369.857142857143
2024-07-15,3471,2024-07-15 00:07:42+03:00,2024-07-15 23:50:19+03:00,25,8,2024,7,July,Monday,15,29,2024-07-15,6751.285714285715
2024-07-16,9472,2024-07-16 00:03:11+03:00,2024-07-16 23:51:38+03:00,37,14,2024,7,July,Tuesday,16,29,2024-07-15,6751.285714285715
2024-07-17,7627,2024-07-17 00:27:44+03:00,2024-07-17 23:42:34+03:00,39,12,2024,7,July,Wednesday,17,29,2024-07-15,6751.285714285715
2024-07-18,8479,2024-07-18 00:12:22+03:00,2024-07-18 23:51:10+03:00,38,16,2024,7,July,Thursday,18,29,2024-07-15,6751.285714285715
2024-07-19,6327,2024-07-19 00:01:23+03:00,2024-07-19 23:42:49+03:00,30,9,2024,7,July,Friday,19,29,2024-07-15,6751.285714285715
2024-07-20,7662,2024-07-20 00:00:37+03:00,2024-07-20 23:27:01+03:00,32,9,2024,7,July,Saturday,20,29,2024-07-15,6751.285714285715
2024-07-21,4221,2024-07-21 00:32:18+03:00,2024-07-21 22:26:45+03:00,30,7,2024,7,July,Sunday,21,29,2024-07-15,6751.285714285715
2024-07-22,8095,2024-07-22 06:05:37+03:00,2024-07-22 23:21:30+03:00,45,15,2024,7,July,Monday,22,30,2024-07-22,6603.428571428572
2024-07-23,8619,2024-07-23 00:24:24+03:00,2024-07-23 22:00:34+03:00,47,17,2024,7,July,Tuesday,23,30,2024-07-22,6603.428571428572
2024-07-24,8202,2024-07-24 00:05:13+03:00,2024-07-24 23:43:41+03:00,34,13,2024,7,July,Wednesday,24,30,2024-07-22,6603.428571428572
2024-07-25,8104,2024-07-25 00:01:10+03:00,2024-07-25 23:51:25+03:00,35,13,2024,7,July,Thursday,25,30,2024-07-22,6603.428571428572
2024-07-26,2941,2024-07-26 02:02:02+03:00,2024-07-26 23:55:34+03:00,23,8,2024,7,July,Friday,26,30,2024-07-22,6603.428571428572
2024-07-27,6060,2024-07-27 00:13:47+03:00,2024-07-27 23:31:33+03:00,38,12,2024,7,July,Saturday,27,30,2024-07-22,6603.428571428572
2024-07-28,4203,2024-07-28 00:07:13+03:00,2024-07-28 23:52:50+03:00,36,9,2024,7,July,Sunday,28,30,2024-07-22,6603.428571428572
2024-07-29,9450,2024-07-29 05:58:02+03:00,2024-07-29 23:45:17+03:00,42,14,2024,7,July,Monday,29,31,2024-07-29,7482.0
2024-07-30,8936,2024-07-30 00:03:15+03:00,2024-07-30 23:57:49+03:00,38,12,2024,7,July,Tuesday,30,31,2024-07-29,7482.0
2024-07-31,9298,2024-07-31 00:08:23+03:00,2024-07-31 22:58:14+03:00,41,12,2024,7,July,Wednesday,31,31,2024-07-29,7482.0
2024-08-01,7850,2024-08-01 00:52:03+03:00,2024-08-01 23:38:37+03:00,42,15,2024,8,August,Thursday,1,31,2024-07-29,7482.0
2024-08-02,6175,2024-08-02 00:38:11+03:00,2024-08-02 23:52:16+03:00,30,10,2024,8,August,Friday,2,31,2024-07-29,7482.0
2024-08-03,6696,2024-08-03 09:51:38+03:00,2024-08-03 22:59:23+03:00,36,9,2024,8,August,Saturday,3,31,2024-07-29,7482.0
2024-08-04,3969,2024-08-04 00:21:53+03:00,2024-08-04 22:12:54+03:00,31,7,2024,8,August,Sunday,4,31,2024-07-29,7482.0
2024-08-05,6301,2024-08-05 00:37:31+03:00,2024-08-05 22:54:23+03:00,36,12,2024,8,August,Monday,5,32,2024-08-05,5676.428571428572
2024-08-06,7160,2024-08-06 00:14:58+03:00,2024-08-06 23:24:39+03:00,32,10,2024,8,August,Tuesday,6,32,2024-08-05,5676.428571428572
2024-08-07,6338,2024-08-07 00:02:25+03:00,2024-08-07 23:43:42+03:00,28,11,2024,8,August,Wednesday,7,32,2024-08-05,5676.428571428572
2024-08-08,5472,2024-08-08 00:05:08+03:00,2024-08-08 23:41:40+03:00,47,13,2024,8,August,Thursday,8,32,2024-08-05,5676.428571428572
2024-08-09,3963,2024-08-09 01:31:58+03:00,2024-08-09 22:05:07+03:00,32,7,2024,8,August,Friday,9,32,2024-08-05,5676.428571428572
2024-08-10,5070,2024-08-10 00:52:13+03:00,2024-08-10 23:55:11+03:00,32,9,2024,8,August,Saturday,10,32,2024-08-05,5676.428571428572
2024-08-11,5431,2024-08-11 00:06:49+03:00,2024-08-11 23:25:40+03:00,44,12,2024,8,August,Sunday,11,32,2024-08-05,5676.428571428572
2024-08-12,3000,2024-08-12 08:36:20+03:00,2024-08-12 23:15:39+03:00,27,6,2024,8,August,Monday,12,33,2024-08-12,4999.571428571428
2024-08-13,7708,2024-08-13 01:23:29+03:00,2024-08-13 23:40:04+03:00,34,10,2024,8,August,Tuesday,13,33,2024-08-12,4999.571428571428
2024-08-14,8215,2024-08-14 00:11:25+03:00,2024-08-14 23:17:05+03:00,34,11,2024,8,August,Wednesday,14,33,2024-08-12,4999.571428571428
2024-08-15,3096,2024-08-15 01:45:46+03:00,2024-08-15 22:38:35+03:00,20,5,2024,8,August,Thursday,15,33,2024-08-12,4999.571428571428
2024-08-16,4237,2024-08-16 00:02:14+03:00,2024-08-16 23:55:37+03:00,33,7,2024,8,August,Friday,16,33,2024-08-12,4999.571428571428
2024-08-17,5757,2024-08-17 00:40:08+03:00,2024-08-17 23:55:01+03:00,34,8,2024,8,August,Saturday,17,33,2024-08-12,4999.571428571428
2024-08-18,2984,2024-08-18 00:05:04+03:00,2024-08-18 23:38:50+03:00,29,4,2024,8,August,Sunday,18,33,2024-08-12,4999.571428571428
2024-08-19,10139,2024-08-19 05:58:39+03:00,2024-08-19 23:57:59+03:00,51,15,2024,8,August,Monday,19,34,2024-08-19,7467.714285714285
2024-08-20,7268,2024-08-20 00:16:09+03:00,2024-08-20 23:38:36+03:00,25,10,2024,8,August,Tuesday,20,34,2024-08-19,7467.714285714285
2024-08-21,6737,2024-08-21 01:24:38+03:00,2024-08-21 23:03:18+03:00,31,10,2024,8,August,Wednesday,21,34,2024-08-19,7467.714285714285
2024-08-22,9408,2024-08-22 00:02:41+03:00,2024-08-22 22:56:00+03:00,39,12,2024,8,August,Thursday,22,34,2024-08-19,7467.714285714285
2024-08-23,10171,2024-08-23 07:55:29+03:00,2024-08-23 23:53:29+03:00,43,13,2024,8,August,Friday,23,34,2024-08-19,7467.714285714285
2024-08-24,4103,2024-08-24 00:11:40+03:00,2024-08-24 23:52:23+03:00,41,13,2024,8,August,Saturday,24,34,2024-08-19,7467.714285714285
2024-08-25,4448,2024-08-25 00:33:12+03:00,2024-08-25 23:52:53+03:00,33,12,2024,8,August,Sunday,25,34,2024-08-19,7467.714285714285
2024-08-26,8164,2024-08-26 00:25:00+03:00,2024-08-26 23:36:57+03:00,45,14,2024,8,August,Monday,26,35,2024-08-26,4637.0
2024-08-27,5266,2024-08-27 00:05:51+03:00,2024-08-27 23:59:01+03:00,41,15,2024,8,August,Tuesday,27,35,2024-08-26,4637.0
2024-08-28,3987,2024-08-28 00:09:42+03:00,2024-08-28 23:58:30+03:00,41,10,2024,8,August,Wednesday,28,35,2024-08-26,4637.0
2024-08-29,4651,2024-08-29 00:30:31+03:00,2024-08-29 21:17:11+03:00,21,8,2024,8,August,Thursday,29,35,2024-08-26,4637.0
2024-08-30,3699,2024-08-30 00:11:53+03:00,2024-08-30 23:51:25+03:00,40,13,2024,8,August,Friday,30,35,2024-08-26,4637.0
2024-08-31,3179,2024-08-31 00:33:51+03:00,2024-08-31 23:47:58+03:00,38,11,2024,8,August,Saturday,31,35,2024-08-26,4637.0
2024-09-01,3513,2024-09-01 00:50:33+03:00,2024-09-01 22:37:42+03:00,31,12,2024,9,September,Sunday,1,35,2024-08-26,4637.0
2024-09-02,11931,2024-09-02 00:10:12+03:00,2024-09-02 23:56:10+03:00,45,14,2024,9,September,Monday,2,36,2024-09-02,7491.285714285715
2024-09-03,5804,2024-09-03 08:48:19+03:00,2024-09-03 23:45:38+03:00,47,16,2024,9,September,Tuesday,3,36,2024-09-02,7491.285714285715
2024-09-04,12289,2024-09-04 00:11:04+03:00,2024-09-04 23:42:35+03:00,48,13,2024,9,September,Wednesday,4,36,2024-09-02,7491.285714285715
2024-09-05,6116,2024-09-05 00:08:35+03:00,2024-09-05 23:45:15+03:00,43,12,2024,9,September,Thursday,5,36,2024-09-02,7491.285714285715
2024-09-06,4827,2024-09-06 00:53:05+03:00,2024-09-06 23:57:56+03:00,46,14,2024,9,September,Friday,6,36,2024-09-02,7491.285714285715
2024-09-07,4860,2024-09-07 00:07:56+03:00,2024-09-07 22:42:05+03:00,42,14,2024,9,September,Saturday,7,36,2024-09-02,7491.285714285715
2024-09-08,6612,2024-09-08 00:24:59+03:00,2024-09-08 23:38:19+03:00,47,13,2024,9,September,Sunday,8,36,2024-09-02,7491.285714285715
2024-09-09,7280,2024-09-09 00:09:19+03:00,2024-09-09 22:54:20+03:00,37,12,2024,9,September,Monday,9,37,2024-09-09,7612.857142857143
2024-09-10,5638,2024-09-10 00:37:38+03:00,2024-09-10 23:08:48+03:00,25,7,2024,9,September,Tuesday,10,37,2024-09-09,7612.857142857143
2024-09-11,5341,2024-09-11 09:39:22+03:00,2024-09-11 23:53:25+03:00,38,13,2024,9,September,Wednesday,11,37,2024-09-09,7612.857142857143
2024-09-12,8346,2024-09-12 00:03:38+03:00,2024-09-12 23:27:04+03:00,45,13,2024,9,September,Thursday,12,37,2024-09-09,7612.857142857143
2024-09-13,12509,2024-09-13 00:08:34+03:00,2024-09-13 23:53:35+03:00,46,14,2024,9,September,Friday,13,37,2024-09-09,7612.857142857143
2024-09-14,5090,2024-09-14 00:28:54+03:00,2024-09-14 23:54:33+03:00,45,13,2024,9,September,Saturday,14,37,2024-09-09,7612.857142857143
2024-09-15,9086,2024-09-15 00:21:43+03:00,2024-09-15 23:40:24+03:00,44,14,2024,9,September,Sunday,15,37,2024-09-09,7612.857142857143
2024-09-16,7543,2024-09-16 00:16:04+03:00,2024-09-16 23:31:59+03:00,45,12,2024,9,September,Monday,16,38,2024-09-16,6822.857142857143
2024-09-17,8248,2024-09-17 09:09:16+03:00,2024-09-17 23:58:10+03:00,36,11,2024,9,September,Tuesday,17,38,2024-09-16,6822.857142857143
2024-09-18,5140,2024-09-18 08:54:23+03:00,2024-09-18 22:21:33+03:00,30,8,2024,9,September,Wednesday,18,38,2024-09-16,6822.857142857143
2024-09-19,8160,2024-09-19 08:13:10+03:00,2024-09-19 23:59:42+03:00,37,10,2024,9,September,Thursday,19,38,2024-09-16,6822.857142857143
2024-09-20,6452,2024-09-20 00:21:02+03:00,2024-09-20 23:19:36+03:00,31,11,2024,9,September,Friday,20,38,2024-09-16,6822.857142857143
2024-09-21,4972,2024-09-21 00:46:09+03:00,2024-09-21 23:41:35+03:00,27,7,2024,9,September,Saturday,21,38,2024-09-16,6822.857142857143
2024-09-22,7245,2024-09-22 00:10:50+03:00,2024-09-22 23:45:25+03:00,39,10,2024,9,September,Sunday,22,38,2024-09-16,6822.857142857143
2024-09-23,10244,2024-09-23 00:22:37+03:00,2024-09-23 22:42:43+03:00,33,14,2024,9,September,Monday,23,39,2024-09-23,9687.857142857143
2024-09-24,13062,2024-09-24 00:17:51+03:00,2024-09-24 23:26:21+03:00,39,12,2024,9,September,Tuesday,24,39,2024-09-23,9687.857142857143
2024-09-25,9592,2024-09-25 00:20:37+03:00,2024-09-25 23:51:40+03:00,39,13,2024,9,September,Wednesday,25,39,2024-09-23,9687.857142857143
2024-09-26,5905,2024-09-26 00:02:01+03:00,2024-09-26 23:55:51+03:00,33,12,2024,9,September,Thursday,26,39,2024-09-23,9687.857142857143
2024-09-27,8828,2024-09-27 00:06:50+03:00,2024-09-27 23:13:33+03:00,39,10,2024,9,September,Friday,27,39,2024-09-23,9687.857142857143
2024-09-28,12210,2024-09-28 01:19:46+03:00,2024-09-28 22:03:57+03:00,41,10,2024,9,September,Saturday,28,39,2024-09-23,9687.857142857143
2024-09-29,7974,2024-09-29 00:44:21+03:00,2024-09-29 23:35:09+03:00,39,9,2024,9,September,Sunday,29,39,2024-09-23,9687.857142857143
2024-09-30,6547,2024-09-30 00:05:16+03:00,2024-09-30 23:27:40+03:00,33,15,2024,9,September,Monday,30,40,2024-09-30,8346.857142857143
2024-10-01,10135,2024-10-01 00:05:18+03:00,2024-10-01 23:54:30+03:00,46,15,2024,10,October,Tuesday,1,40,2024-09-30,8346.857142857143
2024-10-02,8484,2024-10-02 00:08:31+03:00,2024-10-02 23:56:29+03:00,45,16,2024,10,October,Wednesday,2,40,2024-09-30,8346.857142857143
2024-10-03,9948,2024-10-03 00:15:10+03:00,2024-10-03 23:54:09+03:00,49,16,2024,10,October,Thursday,3,40,2024-09-30,8346.857142857143
2024-10-04,8795,2024-10-04 02:14:24+03:00,2024-10-04 23:55:03+03:00,38,12,2024,10,October,Friday,4,40,2024-09-30,8346.857142857143
2024-10-05,8808,2024-10-05 00:16:23+03:00,2024-10-05 23:57:15+03:00,38,15,2024,10,October,Saturday,5,40,2024-09-30,8346.857142857143
2024-10-06,5711,2024-10-06 00:24:37+03:00,2024-10-06 22:14:30+03:00,35,12,2024,10,October,Sunday,6,40,2024-09-30,8346.857142857143
2024-10-07,6918,2024-10-07 00:17:46+03:00,2024-10-07 23:58:02+03:00,36,14,2024,10,October,Monday,7,41,2024-10-07,7457.428571428572
2024-10-08,7702,2024-10-08 02:54:21+03:00,2024-10-08 23:58:05+03:00,32,13,2024,10,October,Tuesday,8,41,2024-10-07,7457.428571428572
2024-10-09,5685,2024-10-09 00:19:05+03:00,2024-10-09 21:57:07+03:00,30,12,2024,10,October,Wednesday,9,41,2024-10-07,7457.428571428572
2024-10-10,6855,2024-10-10 01:36:07+03:00,2024-10-10 23:42:26+03:00,43,14,2024,10,October,Thursday,10,41,2024-10-07,7457.428571428572
2024-10-11,9582,2024-10-11 00:12:08+03:00,2024-10-11 23:30:56+03:00,43,15,2024,10,October,Friday,11,41,2024-10-07,7457.428571428572
2024-10-12,6458,2024-10-12 00:06:25+03:00,2024-10-12 23:45:23+03:00,40,11,2024,10,October,Saturday,12,41,2024-10-07,7457.428571428572
2024-10-13,9002,2024-10-13 11:29:37+03:00,2024-10-13 23:22:29+03:00,43,12,2024,10,October,Sunday,13,41,2024-10-07,7457.428571428572
2024-10-14,7696,2024-10-14 00:52:21+03:00,2024-10-14 23:57:18+03:00,36,13,2024,10,October,Monday,14,42,2024-10-14,6677.285714285715
2024-10-15,9935,2024-10-15 00:07:50+03:00,2024-10-15 23:52:18+03:00,52,14,2024,10,October,Tuesday,15,42,2024-10-14,6677.285714285715
2024-10-16,7694,2024-10-16 00:08:10+03:00,2024-10-16 23:51:31+03:00,38,15,2024,10,October,Wednesday,16,42,2024-10-14,6677.285714285715
2024-10-17,6479,2024-10-17 00:02:04+03:00,2024-10-17 23:58:37+03:00,39,12,2024,10,October,Thursday,17,42,2024-10-14,6677.285714285715
2024-10-18,4807,2024-10-18 00:10:33+03:00,2024-10-18 23:47:49+03:00,34,8,2024,10,October,Friday,18,42,2024-10-14,6677.285714285715
2024-10-19,4642,2024-10-19 00:25:09+03:00,2024-10-19 23:49:20+03:00,32,10,2024,10,October,Saturday,19,42,2024-10-14,6677.285714285715
2024-10-20,5488,2024-10-20 00:29:49+03:00,2024-10-20 23:11:22+03:00,33,14,2024,10,October,Sunday,20,42,2024-10-14,6677.285714285715
2024-10-21,9569,2024-10-21 00:16:16+03:00,2024-10-21 23:51:37+03:00,49,15,2024,10,October,Monday,21,43,2024-10-21,6704.714285714285
2024-10-22,6678,2024-10-22 00:30:24+03:00,2024-10-22 23:47:36+03:00,34,10,2024,10,October,Tuesday,22,43,2024-10-21,6704.714285714285
2024-10-23,5202,2024-10-23 00:46:59+03:00,2024-10-23 23:59:16+03:00,31,15,2024,10,October,Wednesday,23,43,2024-10-21,6704.714285714285
2024-10-24,5403,2024-10-24 00:12:46+03:00,2024-10-24 23:22:33+03:00,33,14,2024,10,October,Thursday,24,43,2024-10-21,6704.714285714285
2024-10-25,5825,2024-10-25 00:20:58+03:00,2024-10-25 23:53:46+03:00,36,15,2024,10,October,Friday,25,43,2024-10-21,6704.714285714285
2024-10-26,9340,2024-10-26 00:13:42+03:00,2024-10-26 23:57:21+03:00,46,13,2024,10,October,Saturday,26,43,2024-10-21,6704.714285714285
2024-10-27,4916,2024-10-27 00:07:40+03:00,2024-10-27 23:00:09+03:00,36,13,2024,10,October,Sunday,27,43,2024-10-21,6704.714285714285
2024-10-28,4281,2024-10-28 00:19:32+03:00,2024-10-28 23:56:22+03:00,36,12,2024,10,October,Monday,28,44,2024-10-28,7566.428571428572
2024-10-29,5136,2024-10-29 00:49:54+03:00,2024-10-29 23:10:33+03:00,29,9,2024,10,October,Tuesday,29,44,2024-10-28,7566.428571428572
2024-10-30,7855,2024-10-30 00:11:19+03:00,2024-10-30 23:19:47+03:00,40,16,2024,10,October,Wednesday,30,44,2024-10-28,7566.428571428572
2024-10-31,8700,2024-10-31 00:26:46+03:00,2024-10-31 23:53:09+03:00,45,17,2024,10,October,Thursday,31,44,2024-10-28,7566.428571428572
2024-11-01,7308,2024-11-01 00:07:52+03:00,2024-11-01 23:57:00+03:00,47,15,2024,11,November,Friday,1,44,2024-10-28,7566.428571428572
2024-11-02,11250,2024-11-02 00:44:31+03:00,2024-11-02 23:32:36+03:00,42,13,2024,11,November,Saturday,2,44,2024-10-28,7566.428571428572
2024-11-03,8435,2024-11-03 00:54:42+03:00,2024-11-03 23:54:29+03:00,44,11,2024,11,November,Sunday,3,44,2024-10-28,7566.428571428572
2024-11-04,10113,2024-11-04 00:31:27+03:00,2024-11-04 23:49:08+03:00,48,13,2024,11,November,Monday,4,45,2024-11-04,7251.428571428572
2024-11-05,8130,2024-11-05 00:19:30+03:00,2024-11-05 23:23:19+03:00,35,12,2024,11,November,Tuesday,5,45,2024-11-04,7251.428571428572
2024-11-06,7511,2024-11-06 00:35:03+03:00,2024-11-06 23:08:29+03:00,40,15,2024,11,November,Wednesday,6,45,2024-11-04,7251.428571428572
2024-11-07,7217,2024-11-07 00:55:42+03:00,2024-11-07 22:56:05+03:00,36,12,2024,11,November,Thursday,7,45,2024-11-04,7251.428571428572
2024-11-08,9141,2024-11-08 00:07:13+03:00,2024-11-08 23:42:27+03:00,43,16,2024,11,November,Friday,8,45,2024-11-04,7251.428571428572
2024-11-09,3599,2024-11-09 00:28:50+03:00,2024-11-09 23:42:41+03:00,36,10,2024,11,November,Saturday,9,45,2024-11-04,7251.428571428572
2024-11-10,5049,2024-11-10 00:08:56+03:00,2024-11-10 23:51:48+03:00,42,11,2024,11,November,Sunday,10,45,2024-11-04,7251.428571428572
2024-11-11,5911,2024-11-11 00:14:00+03:00,2024-11-11 23:39:51+03:00,36,11,2024,11,November,Monday,11,46,2024-11-11,5648.285714285715
2024-11-12,5116,2024-11-12 00:02:27+03:00,2024-11-12 23:49:30+03:00,32,12,2024,11,November,Tuesday,12,46,2024-11-11,5648.285714285715
2024-11-13,5646,2024-11-13 00:44:45+03:00,2024-11-13 23:48:15+03:00,38,11,2024,11,November,Wednesday,13,46,2024-11-11,5648.285714285715
2024-11-14,9379,2024-11-14 00:24:54+03:00,2024-11-14 23:48:06+03:00,41,15,2024,11,November,Thursday,14,46,2024-11-11,5648.285714285715
2024-11-15,4712,2024-11-15 00:02:51+03:00,2024-11-15 23:46:11+03:00,30,9,2024,11,November,Friday,15,46,2024-11-11,5648.285714285715
2024-11-16,4418,2024-11-16 00:08:27+03:00,2024-11-16 21:49:58+03:00,29,9,2024,11,November,Saturday,16,46,2024-11-11,5648.285714285715
2024-11-17,4356,2024-11-17 00:26:28+03:00,2024-11-17 23:08:12+03:00,36,13,2024,11,November,Sunday,17,46,2024-11-11,5648.285714285715
2024-11-18,6221,2024-11-18 00:26:23+03:00,2024-11-18 23:07:20+03:00,37,12,2024,11,November,Monday,18,47,2024-11-18,4836.0
2024-11-19,4457,2024-11-19 00:22:12+03:00,2024-11-19 23:31:09+03:00,32,10,2024,11,November,Tuesday,19,47,2024-11-18,4836.0
2024-11-20,3565,2024-11-20 00:21:00+03:00,2024-11-20 23:55:08+03:00,34,12,2024,11,November,Wednesday,20,47,2024-11-18,4836.0
2024-11-21,7323,2024-11-21 00:54:23+03:00,2024-11-21 23:44:29+03:00,36,13,2024,11,November,Thursday,21,47,2024-11-18,4836.0
2024-11-22,3661,2024-11-22 00:51:33+03:00,2024-11-22 23:56:55+03:00,27,11,2024,11,November,Friday,22,47,2024-11-18,4836.0
2024-11-23,6750,2024-11-23 00:15:46+03:00,2024-11-23 23:52:57+03:00,44,15,2024,11,November,Saturday,23,47,2024-11-18,4836.0
2024-11-24,1875,2024-11-24 00:18:08+03:00,2024-11-24 23:47:32+03:00,31,6,2024,11,November,Sunday,24,47,2024-11-18,4836.0
2024-11-25,5735,2024-11-25 00:01:34+03:00,2024-11-25 23:11:24+03:00,36,11,2024,11,November,Monday,25,48,2024-11-25,6195.428571428572
2024-11-26,3514,2024-11-26 00:20:28+03:00,2024-11-26 23:27:53+03:00,31,9,2024,11,November,Tuesday,26,48,2024-11-25,6195.428571428572
2024-11-27,8796,2024-11-27 00:46:46+03:00,2024-11-27 23:21:12+03:00,41,13,2024,11,November,Wednesday,27,48,2024-11-25,6195.428571428572
2024-11-28,5481,2024-11-28 00:04:10+03:00,2024-11-28 23:12:43+03:00,40,11,2024,11,November,Thursday,28,48,2024-11-25,6195.428571428572
2024-11-29,4740,2024-11-29 00:15:03+03:00,2024-11-29 23:04:22+03:00,32,11,2024,11,November,Friday,29,48,2024-11-25,6195.428571428572
2024-11-30,8644,2024-11-30 00:28:37+03:00,2024-11-30 23:55:36+03:00,37,13,2024,11,November,Saturday,30,48,2024-11-25,6195.428571428572
2024-12-01,6458,2024-12-01 00:05:44+03:00,2024-12-01 23:57:17+03:00,48,11,2024,12,December,Sunday,1,48,2024-11-25,6195.428571428572
2024-12-02,5219,2024-12-02 00:15:53+03:00,2024-12-02 22:24:06+03:00,33,9,2024,12,December,Monday,2,49,2024-12-02,5357.571428571428
2024-12-03,5842,2024-12-03 01:56:09+03:00,2024-12-03 23:52:32+03:00,36,14,2024,12,December,Tuesday,3,49,2024-12-02,5357.571428571428
2024-12-04,4449,2024-12-04 01:33:00+03:00,2024-12-04 23:59:58+03:00,31,12,2024,12,December,Wednesday,4,49,2024-12-02,5357.571428571428
2024-12-05,8262,2024-12-05 00:27:35+03:00,2024-12-05 23:58:35+03:00,41,16,2024,12,December,Thursday,5,49,2024-12-02,5357.571428571428
2024-12-06,5472,2024-12-06 00:08:36+03:00,2024-12-06 23:53:38+03:00,39,14,2024,12,December,Friday,6,49,2024-12-02,5357.571428571428
2024-12-07,4996,2024-12-07 00:03:44+03:00,2024-12-07 23:53:17+03:00,37,10,2024,12,December,Saturday,7,49,2024-12-02,5357.571428571428
2024-12-08,3263,2024-12-08 00:48:14+03:00,2024-12-08 23:34:25+03:00,32,9,2024,12,December,Sunday,8,49,2024-12-02,5357.571428571428
2024-12-09,7408,2024-12-09 00:01:16+03:00,2024-12-09 23:11:44+03:00,45,12,2024,12,December,Monday,9,50,2024-12-09,5648.571428571428
2024-12-10,5254,2024-12-10 01:10:33+03:00,2024-12-10 23:24:06+03:00,32,11,2024,12,December,Tuesday,10,50,2024-12-09,5648.571428571428
2024-12-11,4694,2024-12-11 00:26:59+03:00,2024-12-11 23:49:33+03:00,37,15,2024,12,December,Wednesday,11,50,2024-12-09,5648.571428571428
2024-12-12,5742,2024-12-12 00:00:38+03:00,2024-12-12 23:58:21+03:00,38,15,2024,12,December,Thursday,12,50,2024-12-09,5648.571428571428
2024-12-13,6165,2024-12-13 00:12:23+03:00,2024-12-13 23:32:42+03:00,33,12,2024,12,December,Friday,13,50,2024-12-09,5648.571428571428
2024-12-14,5592,2024-12-14 00:07:32+03:00,2024-12-14 23:48:01+03:00,37,14,2024,12,December,Saturday,14,50,2024-12-09,5648.571428571428
2024-12-15,4685,2024-12-15 00:41:40+03:00,2024-12-15 23:03:07+03:00,32,12,2024,12,December,Sunday,15,50,2024-12-09,5648.571428571428
2024-12-16,5844,2024-12-16 00:17:35+03:00,2024-12-16 23:21:34+03:00,38,12,2024,12,December,Monday,16,51,2024-12-16,6899.571428571428
2024-12-17,3068,2024-12-17 00:25:50+03:00,2024-12-17 23:19:13+03:00,31,8,2024,12,December,Tuesday,17,51,2024-12-16,6899.571428571428
2024-12-18,9136,2024-12-18 00:23:23+03:00,2024-12-18 23:46:03+03:00,42,15,2024,12,December,Wednesday,18,51,2024-12-16,6899.571428571428
2024-12-19,7415,2024-12-19 00:12:00+03:00,2024-12-19 23:34:01+03:00,62,17,2024,12,December,Thursday,19,51,2024-12-16,6899.571428571428
2024-12-20,8112,2024-12-20 00:09:25+03:00,2024-12-20 23:50:07+03:00,73,18,2024,12,December,Friday,20,51,2024-12-16,6899.571428571428
2024-12-21,7614,2024-12-21 00:16:37+03:00,2024-12-21 23:55:58+03:00,68,16,2024,12,December,Saturday,21,51,2024-12-16,6899.571428571428
2024-12-22,7108,2024-12-22 00:07:18+03:00,2024-12-22 23:40:03+03:00,50,14,2024,12,December,Sunday,22,51,2024-12-16,6899.571428571428
2024-12-23,7974,2024-12-23 00:59:22+03:00,2024-12-23 23:47:23+03:00,39,13,2024,12,December,Monday,23,52,2024-12-23,7118.857142857143
2024-12-24,3823,2024-12-24 00:05:15+03:00,2024-12-24 23:29:23+03:00,29,8,2024,12,December,Tuesday,24,52,2024-12-23,7118.857142857143
2024-12-25,6583,2024-12-25 00:28:10+03:00,2024-12-25 23:28:34+03:00,39,12,2024,12,December,Wednesday,25,52,2024-12-23,7118.857142857143
2024-12-26,9631,2024-12-26 00:02:07+03:00,2024-12-26 22:31:15+03:00,42,13,2024,12,December,Thursday,26,52,2024-12-23,7118.857142857143
2024-12-27,8968,2024-12-27 00:05:18+03:00,2024-12-27 23:42:06+03:00,40,14,2024,12,December,Friday,27,52,2024-12-23,7118.857142857143
2024-12-28,7191,2024-12-28 00:02:22+03:00,2024-12-28 23:58:25+03:00,41,14,2024,12,December,Saturday,28,52,2024-12-23,7118.857142857143
2024-12-29,5662,2024-12-29 00:09:47+03:00,2024-12-29 23:56:49+03:00,36,12,2024,12,December,Sunday,29,52,2024-12-23,7118.857142857143
2024-12-30,7073,2024-12-30 00:11:06+03:00,2024-12-30 23:52:49+03:00,38,14,2024,12,December,Monday,30,1,2024-12-30,7287.857142857143
2024-12-31,6916,2024-12-31 00:02:50+03:00,2024-12-31 23:51:03+03:00,47,12,2024,12,December,Tuesday,31,1,2024-12-30,7287.857142857143
2025-01-01,4913,2025-01-01 00:01:24+03:00,2025-01-01 23:43:55+03:00,33,8,2025,1,January,Wednesday,1,1,2024-12-30,7287.857142857143
2025-01-02,10534,2025-01-02 00:46:44+03:00,2025-01-02 23:50:01+03:00,46,13,2025,1,January,Thursday,2,1,2024-12-30,7287.857142857143
2025-01-03,9011,2025-01-03 00:00:01+03:00,2025-01-03 23:43:55+03:00,49,16,2025,1,January,Friday,3,1,2024-12-30,7287.857142857143
2025-01-04,9062,2025-01-04 00:08:25+03:00,2025-01-04 23:39:32+03:00,48,15,2025,1,January,Saturday,4,1,2024-12-30,7287.857142857143
2025-01-05,3506,2025-01-05 00:06:29+03:00,2025-01-05 23:52:49+03:00,32,8,2025,1,January,Sunday,5,1,2024-12-30,7287.857142857143
2025-01-06,8254,2025-01-06 00:48:05+03:00,2025-01-06 23:58:43+03:00,41,14,2025,1,January,Monday,6,2,2025-01-06,7297.571428571428
2025-01-07,9225,2025-01-07 00:12:47+03:00,2025-01-07 23:50:33+03:00,47,15,2025,1,January,Tuesday,7,2,2025-01-06,7297.571428571428
2025-01-08,9236,2025-01-08 00:48:25+03:00,2025-01-08 23:04:45+03:00,44,13,2025,1,January,Wednesday,8,2,2025-01-06,7297.571428571428
2025-01-09,7150,2025-01-09 00:12:15+03:00,2025-01-09 23:53:55+03:00,41,12,2025,1,January,Thursday,9,2,2025-01-06,7297.571428571428
2025-01-10,7885,2025-01-10 00:03:58+03:00,2025-01-10 23:49:33+03:00,45,13,2025,1,January,Friday,10,2,2025-01-06,7297.571428571428
2025-01-11,5325,2025-01-11 00:41:11+03:00,2025-01-11 23:45:31+03:00,34,10,2025,1,January,Saturday,11,2,2025-01-06,7297.571428571428
2025-01-12,4008,2025-01-12 00:15:42+03:00,2025-01-12 23:30:37+03:00,34,10,2025,1,January,Sunday,12,2,2025-01-06,7297.571428571428
2025-01-13,5056,2025-01-13 02:25:23+03:00,2025-01-13 22:00:43+03:00,35,11,2025,1,January,Monday,13,3,2025-01-13,7121.714285714285
2025-01-14,6106,2025-01-14 00:18:49+03:00,2025-01-14 23:51:50+03:00,39,11,2025,1,January,Tuesday,14,3,2025-01-13,7121.714285714285
2025-01-15,7138,2025-01-15 00:21:58+03:00,2025-01-15 23:49:50+03:00,41,14,2025,1,January,Wednesday,15,3,2025-01-13,7121.714285714285
2025-01-16,5620,2025-01-16 00:43:47+03:00,2025-01-16 23:11:58+03:00,39,12,2025,1,January,Thursday,16,3,2025-01-13,7121.714285714285
2025-01-17,7445,2025-01-17 00:04:46+03:00,2025-01-17 23:09:01+03:00,36,11,2025,1,January,Friday,17,3,2025-01-13,7121.714285714285
2025-01-18,5146,2025-01-18 01:00:10+03:00,2025-01-18 23:38:49+03:00,38,11,2025,1,January,Saturday,18,3,2025-01-13,7121.714285714285
2025-01-19,13341,2025-01-19 00:05:19+03:00,2025-01-19 23:49:53+03:00,39,14,2025,1,January,Sunday,19,3,2025-01-13,7121.714285714285
2025-01-20,3253,2025-01-20 00:28:45+03:00,2025-01-20 23:57:08+03:00,33,6,2025,1,January,Monday,20,4,2025-01-20,7832.428571428572
2025-01-21,12822,2025-01-21 01:22:05+03:00,2025-01-21 23:44:43+03:00,38,11,2025,1,January,Tuesday,21,4,2025-01-20,7832.428571428572
2025-01-22,9398,2025-01-22 01:28:45+03:00,2025-01-22 23:48:51+03:00,34,9,2025,1,January,Wednesday,22,4,2025-01-20,7832.428571428572
2025-01-23,4437,2025-01-23 00:30:57+03:00,2025-01-23 23:49:04+03:00,32,6,2025,1,January,Thursday,23,4,2025-01-20,7832.428571428572
2025-01-24,7620,2025-01-24 00:01:27+03:00,2025-01-24 23:51:30+03:00,32,10,2025,1,January,Friday,24,4,2025-01-20,7832.428571428572
2025-01-25,11953,2025-01-25 00:25:06+03:00,2025-01-25 22:25:44+03:00,40,13,2025,1,January,Saturday,25,4,2025-01-20,7832.428571428572
2025-01-26,5344,2025-01-26 00:13:05+03:00,2025-01-26 23:41:45+03:00,37,10,2025,1,January,Sunday,26,4,2025-01-20,7832.428571428572
2025-01-27,14335,2025-01-27 00:18:16+03:00,2025-01-27 23:52:57+03:00,48,11,2025,1,January,Monday,27,5,2025-01-27,10075.57142857143
2025-01-28,10052,2025-01-28 00:30:28+03:00,2025-01-28 23:21:24+03:00,46,11,2025,1,January,Tuesday,28,5,2025-01-27,10075.57142857143
2025-01-29,9375,2025-01-29 00:32:30+03:00,2025-01-29 23:46:54+03:00,52,14,2025,1,January,Wednesday,29,5,2025-01-27,10075.57142857143
2025-01-30,11112,2025-01-30 00:29:27+03:00,2025-01-30 23:54:22+03:00,46,12,2025,1,January,Thursday,30,5,2025-01-27,10075.57142857143
2025-01-31,12985,2025-01-31 00:43:29+03:00,2025-01-31 22:59:50+03:00,45,11,2025,1,January,Friday,31,5,2025-01-27,10075.57142857143
2025-02-01,4629,2025-02-01 00:56:40+03:00,2025-02-01 22:54:44+03:00,33,8,2025,2,February,Saturday,1,5,2025-01-27,10075.57142857143
2025-02-02,8041,2025-02-02 00:07:21+03:00,2025-02-02 22:54:30+03:00,38,10,2025,2,February,Sunday,2,5,2025-01-27,10075.57142857143
2025-02-03,6247,2025-02-03 00:11:15+03:00,2025-02-03 23:46:09+03:00,40,9,2025,2,February,Monday,3,6,2025-02-03,6577.857142857143
2025-02-04,6319,2025-02-04 11:54:02+03:00,2025-02-04 22:28:13+03:00,20,10,2025,2,February,Tuesday,4,6,2025-02-03,6577.857142857143
2025-02-05,6504,2025-02-05 01:14:19+03:00,2025-02-05 23:14:46+03:00,39,12,2025,2,February,Wednesday,5,6,2025-02-03,6577.857142857143
2025-02-06,4288,2025-02-06 08:47:48+03:00,2025-02-06 23:50:55+03:00,29,11,2025,2,February,Thursday,6,6,2025-02-03,6577.857142857143
2025-02-07,5851,2025-02-07 00:10:25+03:00,2025-02-07 23:32:15+03:00,28,8,2025,2,February,Friday,7,6,2025-02-03,6577.857142857143
2025-02-08,8534,2025-02-08 00:08:46+03:00,2025-02-08 23:57:21+03:00,45,11,2025,2,February,Saturday,8,6,2025-02-03,6577.857142857143
2025-02-09,8302,2025-02-09 09:41:26+03:00,2025-02-09 23:53:23+03:00,43,9,2025,2,February,Sunday,9,6,2025-02-03,6577.857142857143
2025-02-10,5249,2025-02-10 09:25:47+03:00,2025-02-10 23:02:37+03:00,35,9,2025,2,February,Monday,10,7,2025-02-10,5800.571428571428
2025-02-11,8115,2025-02-11 00:27:45+03:00,2025-02-11 23:32:14+03:00,29,12,2025,2,February,Tuesday,11,7,2025-02-10,5800.571428571428
2025-02-12,2719,2025-02-12 00:21:48+03:00,2025-02-12 21:57:39+03:00,34,5,2025,2,February,Wednesday,12,7,2025-02-10,5800.571428571428
2025-02-13,6159,2025-02-13 00:31:06+03:00,2025-02-13 21:11:17+03:00,28,11,2025,2,February,Thursday,13,7,2025-02-10,5800.571428571428
2025-02-14,8349,2025-02-14 00:32:50+03:00,2025-02-14 23:25:35+03:00,48,12,2025,2,February,Friday,14,7,2025-02-10,5800.571428571428
2025-02-15,6448,2025-02-15 00:09:32+03:00,2025-02-15 23:54:12+03:00,44,10,2025,2,February,Saturday,15,7,2025-02-10,5800.571428571428
2025-02-16,3565,2025-02-16 00:05:37+03:00,2025-02-16 21:05:34+03:00,27,5,2025,2,February,Sunday,16,7,2025-02-10,5800.571428571428
2025-02-17,7812,2025-02-17 00:27:51+03:00,2025-02-17 23:26:46+03:00,40,13,2025,2,February,Monday,17,8,2025-02-17,5450.714285714285
2025-02-18,6289,2025-02-18 00:03:04+03:00,2025-02-18 23:39:50+03:00,31,10,2025,2,February,Tuesday,18,8,2025-02-17,5450.714285714285
2025-02-19,4959,2025-02-19 00:03:11+03:00,2025-02-19 23:51:29+03:00,38,8,2025,2,February,Wednesday,19,8,2025-02-17,5450.714285714285
2025-02-20,2975,2025-02-20 00:04:21+03:00,2025-02-20 23:01:47+03:00,21,4,2025,2,February,Thursday,20,8,2025-02-17,5450.714285714285
2025-02-21,4976,2025-02-21 01:39:18+03:00,2025-02-21 23:00:46+03:00,42,8,2025,2,February,Friday,21,8,2025-02-17,5450.714285714285
2025-02-22,6977,2025-02-22 00:50:54+03:00,2025-02-22 23:36:52+03:00,31,10,2025,2,February,Saturday,22,8,2025-02-17,5450.714285714285
2025-02-23,4167,2025-02-23 00:23:55+03:00,2025-02-23 23:08:53+03:00,22,7,2025,2,February,Sunday,23,8,2025-02-17,5450.714285714285
2025-02-24,2513,2025-02-24 00:55:46+03:00,2025-02-24 23:52:34+03:00,27,3,2025,2,February,Monday,24,9,2025-02-24,5787.0
2025-02-25,4170,2025-02-25 00:37:27+03:00,2025-02-25 22:56:53+03:00,28,6,2025,2,February,Tuesday,25,9,2025-02-24,5787.0
2025-02-26,5976,2025-02-26 01:02:25+03:00,2025-02-26 23:54:03+03:00,31,9,2025,2,February,Wednesday,26,9,2025-02-24,5787.0
2025-02-27,5452,2025-02-27 00:14:18+03:00,2025-02-27 23:57:18+03:00,35,12,2025,2,February,Thursday,27,9,2025-02-24,5787.0
2025-02-28,7186,2025-02-28 00:39:14+03:00,2025-02-28 23:59:52+03:00,28,9,2025,2,February,Friday,28,9,2025-02-24,5787.0
2025-03-01,6808,2025-03-01 00:34:14+03:00,2025-03-01 22:03:02+03:00,31,9,2025,3,March,Saturday,1,9,2025-02-24,5787.0
2025-03-02,8404,2025-03-02 00:42:56+03:00,2025-03-02 23:27:34+03:00,40,13,2025,3,March,Sunday,2,9,2025-02-24,5787.0
2025-03-03,7069,2025-03-03 00:07:54+03:00,2025-03-03 22:59:52+03:00,37,12,2025,3,March,Monday,3,10,2025-03-03,8403.42857142857
2025-03-04,6829,2025-03-04 00:48:43+03:00,2025-03-04 23:50:48+03:00,33,13,2025,3,March,Tuesday,4,10,2025-03-03,8403.42857142857
2025-03-05,9791,2025-03-05 00:24:16+03:00,2025-03-05 23:25:59+03:00,42,14,2025,3,March,Wednesday,5,10,2025-03-03,8403.42857142857
2025-03-06,5352,2025-03-06 00:33:48+03:00,2025-03-06 21:38:21+03:00,28,9,2025,3,March,Thursday,6,10,2025-03-03,8403.42857142857
2025-03-07,8827,2025-03-07 01:14:15+03:00,2025-03-07 23:57:25+03:00,38,13,2025,3,March,Friday,7,10,2025-03-03,8403.42857142857
2025-03-08,13880,2025-03-08 00:07:26+03:00,2025-03-08 23:33:39+03:00,45,15,2025,3,March,Saturday,8,10,2025-03-03,8403.42857142857
2025-03-09,7076,2025-03-09 00:43:37+03:00,2025-03-09 22:39:57+03:00,31,9,2025,3,March,Sunday,9,10,2025-03-03,8403.42857142857
2025-03-10,5714,2025-03-10 00:06:13+03:00,2025-03-10 22:40:13+03:00,26,10,2025,3,March,Monday,10,11,2025-03-10,7216.714285714285
2025-03-11,7168,2025-03-11 00:04:11+03:00,2025-03-11 23:31:42+03:00,37,12,2025,3,March,Tuesday,11,11,2025-03-10,7216.714285714285
2025-03-12,5663,2025-03-12 00:11:23+03:00,2025-03-12 23:03:39+03:00,38,10,2025,3,March,Wednesday,12,11,2025-03-10,7216.714285714285
2025-03-13,7643,2025-03-13 01:04:34+03:00,2025-03-13 23:45:29+03:00,38,15,2025,3,March,Thursday,13,11,2025-03-10,7216.714285714285
2025-03-14,8186,2025-03-14 00:18:55+03:00,2025-03-14 23:56:05+03:00,42,12,2025,3,March,Friday,14,11,2025-03-10,7216.714285714285
2025-03-15,6829,2025-03-15 01:05:54+03:00,2025-03-15 23:01:18+03:00,36,14,2025,3,March,Saturday,15,11,2025-03-10,7216.714285714285
2025-03-16,9314,2025-03-16 00:00:45+03:00,2025-03-16 23:42:04+03:00,38,14,2025,3,March,Sunday,16,11,2025-03-10,7216.714285714285
2025-03-17,4394,2025-03-17 00:28:17+03:00,2025-03-17 22:50:28+03:00,23,8,2025,3,March,Monday,17,12,2025-03-17,5604.428571428572
2025-03-18,6382,2025-03-18 02:35:39+03:00,2025-03-18 23:44:37+03:00,30,11,2025,3,March,Tuesday,18,12,2025-03-17,5604.428571428572
2025-03-19,5697,2025-03-19 00:11:38+03:00,2025-03-19 22:42:50+03:00,35,9,2025,3,March,Wednesday,19,12,2025-03-17,5604.428571428572
2025-03-20,4243,2025-03-20 00:42:21+03:00,2025-03-20 23:50:37+03:00,39,12,2025,3,March,Thursday,20,12,2025-03-17,5604.428571428572
2025-03-21,6688,2025-03-21 01:27:57+03:00,2025-03-21 23:35:58+03:00,33,10,2025,3,March,Friday,21,12,2025-03-17,5604.428571428572
2025-03-22,6250,2025-03-22 00:27:09+03:00,2025-03-22 23:39:35+03:00,23,9,2025,3,March,Saturday,22,12,2025-03-17,5604.428571428572
2025-03-23,5577,2025-03-23 00:40:35+03:00,2025-03-23 22:06:33+03:00,32,10,2025,3,March,Sunday,23,12,2025-03-17,5604.428571428572
2025-03-24,6766,2025-03-24 00:06:26+03:00,2025-03-24 23:04:42+03:00,35,11,2025,3,March,Monday,24,13,2025-03-24,6791.571428571428
2025-03-25,5238,2025-03-25 01:14:13+03:00,2025-03-25 23:49:54+03:00,34,9,2025,3,March,Tuesday,25,13,2025-03-24,6791.571428571428
2025-03-26,8767,2025-03-26 01:05:18+03:00,2025-03-26 23:58:00+03:00,45,11,2025,3,March,Wednesday,26,13,2025-03-24,6791.571428571428
2025-03-27,5566,2025-03-27 09:05:59+03:00,2025-03-27 23:56:03+03:00,28,10,2025,3,March,Thursday,27,13,2025-03-24,6791.571428571428
2025-03-28,7998,2025-03-28 00:36:52+03:00,2025-03-28 23:42:47+03:00,45,13,2025,3,March,Friday,28,13,2025-03-24,6791.571428571428
2025-03-29,7777,2025-03-29 00:17:22+03:00,2025-03-29 23:54:06+03:00,32,10,2025,3,March,Saturday,29,13,2025-03-24,6791.571428571428
2025-03-30,5429,2025-03-30 00:12:50+03:00,2025-03-30 23:55:00+03:00,48,13,2025,3,March,Sunday,30,13,2025-03-24,6791.571428571428
2025-03-31,7643,2025-03-31 00:16:12+03:00,2025-03-31 23:10:10+03:00,37,11,2025,3,March,Monday,31,14,2025-03-31,7033.714285714285
2025-04-01,2658,2025-04-01 00:14:22+03:00,2025-04-01 23:59:59+03:00,32,10,2025,4,April,Tuesday,1,14,2025-03-31,7033.714285714285
2025-04-02,8304,2025-04-02 00:24:47+03:00,2025-04-02 23:40:30+03:00,39,12,2025,4,April,Wednesday,2,14,2025-03-31,7033.714285714285
2025-04-03,9525,2025-04-03 00:54:21+03:00,2025-04-03 23:46:35+03:00,40,12,2025,4,April,Thursday,3,14,2025-03-31,7033.714285714285
2025-04-04,5488,2025-04-04 00:07:32+03:00,2025-04-04 23:47:10+03:00,40,15,2025,4,April,Friday,4,14,2025-03-31,7033.714285714285
2025-04-05,10504,2025-04-05 00:12:00+03:00,2025-04-05 23:39:17+03:00,39,13,2025,4,April,Saturday,5,14,2025-03-31,7033.714285714285
2025-04-06,5114,2025-04-06 09:59:56+03:00,2025-04-06 23:48:32+03:00,35,12,2025,4,April,Sunday,6,14,2025-03-31,7033.714285714285
2025-04-07,3010,2025-04-07 01:41:27+03:00,2025-04-07 22:54:56+03:00,28,6,2025,4,April,Monday,7,15,2025-04-07,4321.142857142857
2025-04-08,3964,2025-04-08 00:03:17+03:00,2025-04-08 23:21:41+03:00,28,8,2025,4,April,Tuesday,8,15,2025-04-07,4321.142857142857
2025-04-09,3977,2025-04-09 10:07:23+03:00,2025-04-09 22:51:17+03:00,28,9,2025,4,April,Wednesday,9,15,2025-04-07,4321.142857142857
2025-04-10,5084,2025-04-10 01:31:49+03:00,2025-04-10 23:51:52+03:00,25,9,2025,4,April,Thursday,10,15,2025-04-07,4321.142857142857
2025-04-11,4901,2025-04-11 00:02:08+03:00,2025-04-11 23:56:20+03:00,30,10,2025,4,April,Friday,11,15,2025-04-07,4321.142857142857
2025-04-12,4431,2025-04-12 00:08:06+03:00,2025-04-12 23:37:14+03:00,28,6,2025,4,April,Saturday,12,15,2025-04-07,4321.142857142857
2025-04-13,4881,2025-04-13 00:25:52+03:00,2025-04-13 23:28:39+03:00,26,6,2025,4,April,Sunday,13,15,2025-04-07,4321.142857142857
2025-04-14,4880,2025-04-14 00:01:42+03:00,2025-04-14 23:10:48+03:00,29,7,2025,4,April,Monday,14,16,2025-04-14,6944.714285714285
2025-04-15,5768,2025-04-15 01:28:39+03:00,2025-04-15 23:22:20+03:00,28,11,2025,4,April,Tuesday,15,16,2025-04-14,6944.714285714285
2025-04-16,8054,2025-04-16 01:53:29+03:00,2025-04-16 22:59:53+03:00,37,11,2025,4,April,Wednesday,16,16,2025-04-14,6944.714285714285
2025-04-17,8322,2025-04-17 00:04:58+03:00,2025-04-17 23:19:22+03:00,42,14,2025,4,April,Thursday,17,16,2025-04-14,6944.714285714285
2025-04-18,7875,2025-04-18 01:36:39+03:00,2025-04-18 23:38:29+03:00,38,13,2025,4,April,Friday,18,16,2025-04-14,6944.714285714285
2025-04-19,7997,2025-04-19 00:18:53+03:00,2025-04-19 23:58:38+03:00,41,12,2025,4,April,Saturday,19,16,2025-04-14,6944.714285714285
2025-04-20,5717,2025-04-20 00:10:44+03:00,2025-04-20 23:45:12+03:00,33,8,2025,4,April,Sunday,20,16,2025-04-14,6944.714285714285
2025-04-21,6512,2025-04-21 01:41:38+03:00,2025-04-21 23:00:16+03:00,35,10,2025,4,April,Monday,21,17,2025-04-21,5324.142857142857
2025-04-22,6307,2025-04-22 00:15:40+03:00,2025-04-22 23:32:40+03:00,32,12,2025,4,April,Tuesday,22,17,2025-04-21,5324.142857142857
2025-04-23,9433,2025-04-23 00:31:54+03:00,2025-04-23 23:53:42+03:00,46,11,2025,4,April,Wednesday,23,17,2025-04-21,5324.142857142857
2025-04-24,3537,2025-04-24 01:50:11+03:00,2025-04-24 23:57:07+03:00,23,7,2025,4,April,Thursday,24,17,2025-04-21,5324.142857142857
2025-04-25,3032,2025-04-25 00:30:49+03:00,2025-04-25 22:18:22+03:00,17,7,2025,4,April,Friday,25,17,2025-04-21,5324.142857142857
2025-04-26,3782,2025-04-26 08:44:01+03:00,2025-04-26 23:39:56+03:00,23,9,2025,4,April,Saturday,26,17,2025-04-21,5324.142857142857
2025-04-27,4666,2025-04-27 01:34:36+03:00,2025-04-27 23:59:41+03:00,28,8,2025,4,April,Sunday,27,17,2025-04-21,5324.142857142857
2025-04-28,6094,2025-04-28 00:10:56+03:00,2025-04-28 23:47:27+03:00,33,8,2025,4,April,Monday,28,18,2025-04-28,5497.285714285715
2025-04-29,5438,2025-04-29 00:13:01+03:00,2025-04-29 23:53:06+03:00,30,7,2025,4,April,Tuesday,29,18,2025-04-28,5497.285714285715
2025-04-30,4546,2025-04-30 00:33:02+03:00,2025-04-30 23:54:38+03:00,32,9,2025,4,April,Wednesday,30,18,2025-04-28,5497.285714285715
2025-05-01,3613,2025-05-01 01:23:11+03:00,2025-05-01 23:35:49+03:00,30,10,2025,5,May,Thursday,1,18,2025-04-28,5497.285714285715
2025-05-02,7509,2025-05-02 00:05:12+03:00,2025-05-02 23:55:55+03:00,32,8,2025,5,May,Friday,2,18,2025-04-28,5497.285714285715
2025-05-03,9189,2025-05-03 00:06:18+03:00,2025-05-03 23:58:42+03:00,44,13,2025,5,May,Saturday,3,18,2025-04-28,5497.285714285715
2025-05-04,2092,2025-05-04 00:12:15+03:00,2025-05-04 23:56:17+03:00,22,4,2025,5,May,Sunday,4,18,2025-04-28,5497.285714285715
2025-05-05,13100,2025-05-05 07:03:41+03:00,2025-05-05 23:43:06+03:00,48,14,2025,5,May,Monday,5,19,2025-05-05,9559.57142857143
2025-05-06,9922,2025-05-06 00:12:53+03:00,2025-05-06 23:34:48+03:00,45,11,2025,5,May,Tuesday,6,19,2025-05-05,9559.57142857143
2025-05-07,6083,2025-05-07 00:01:55+03:00,2025-05-07 23:05:01+03:00,43,15,2025,5,May,Wednesday,7,19,2025-05-05,9559.57142857143
2025-05-08,5584,2025-05-08 00:23:32+03:00,2025-05-08 23:57:43+03:00,34,10,2025,5,May,Thursday,8,19,2025-05-05,9559.57142857143
2025-05-09,14126,2025-05-09 00:38:06+03:00,2025-05-09 23:53:36+03:00,52,16,2025,5,May,Friday,9,19,2025-05-05,9559.57142857143
2025-05-10,13246,2025-05-10 00:07:40+03:00,2025-05-10 23:59:28+03:00,50,14,2025,5,May,Saturday,10,19,2025-05-05,9559.57142857143
2025-05-11,4856,2025-05-11 00:11:23+03:00,2025-05-11 23:56:07+03:00,35,9,2025,5,May,Sunday,11,19,2025-05-05,9559.57142857143
2025-05-12,5748,2025-05-12 00:06:07+03:00,2025-05-12 22:32:35+03:00,31,10,2025,5,May,Monday,12,20,2025-05-12,6201.0
2025-05-13,7208,2025-05-13 01:41:18+03:00,2025-05-13 23:58:49+03:00,39,11,2025,5,May,Tuesday,13,20,2025-05-12,6201.0
2025-05-14,7700,2025-05-14 00:12:02+03:00,2025-05-14 23:57:18+03:00,38,12,2025,5,May,Wednesday,14,20,2025-05-12,6201.0
2025-05-15,6790,2025-05-15 08:24:04+03:00,2025-05-15 23:38:27+03:00,31,12,2025,5,May,Thursday,15,20,2025-05-12,6201.0
2025-05-16,6364,2025-05-16 00:14:40+03:00,2025-05-16 23:57:10+03:00,29,9,2025,5,May,Friday,16,20,2025-05-12,6201.0
2025-05-17,4105,2025-05-17 00:07:13+03:00,2025-05-17 23:57:41+03:00,38,9,2025,5,May,Saturday,17,20,2025-05-12,6201.0
2025-05-18,5492,2025-05-18 01:12:30+03:00,2025-05-18 23:41:37+03:00,35,11,2025,5,May,Sunday,18,20,2025-05-12,6201.0
2025-05-19,5462,2025-05-19 00:36:58+03:00,2025-05-19 22:18:07+03:00,28,8,2025,5,May,Monday,19,21,2025-05-19,2749.0
2025-05-20,36,2025-05-20 00:29:07+03:00,2025-05-20 00:29:07+03:00,1,0,2025,5,May,Tuesday,20,21,2025-05-19,2749.0
